id_venda,data_venda,id_cliente,id_produto,quantidade,forma_pagamento,nome_produto,categoria,marca,volume_ml,preco_unitario,ativo,custo_unitario,fornecedor,nome_cliente,email,sexo,data_nascimento,cidade,estado,data_cadastro,fonte_aquisicao,receita,custo_total,lucro,margem_pct,ticket_venda,ano_mes
V00001,2025-08-09,C0003,P0075,5,PIX,Creme Antissinais Cicatricure,Skincare,Genomma Lab,50.0,54.9,Sim,26.87,Genomma Lab,Mariana Pereira,mariana.pereira239@email.com,Feminino,2015-05-09,São Paulo,SP,2023-07-23,E-Mail Marketing,274.5,134.35,140.15,51.06,274.5,2025-08
V00002,2025-08-30,C0016,P0070,3,BOLETO,Água Micelar,Skincare,L'Oréal Paris,200.0,34.9,Sim,11.6,L'Oréal Paris,Diego Alves,diego.alves371@gmail.com,Masculino,1977-05-30,Curitiba,PR,2024-06-05,Facebook Ads,104.7,34.8,69.9,66.76,104.7,2025-08
V00003,2025-04-21,C0079,P0062,1,CARTÃO DE CRÉDITO,Mousse De Banho Lily,Sabonete,O Boticário,150.0,79.9,Sim,63.82,O Boticário,Felipe Silva,felipe.silva212@gmail.com,Masculino,1999-12-11,Niterói,RJ,2024-08-21,E-Mail Marketing,79.9,63.82,16.08,20.13,79.9,2025-04
V00004,2025-05-29,C0181,P0041,4,PIX,Óleo Trifásico Ekos Andiroba,Óleo Corporal,Natura,200.0,79.9,Sim,45.92,Natura,Leonardo Costa,leonardo.costa384@gmail.com,Masculino,2007-07-20,Belo Horizonte,MG,2023-03-10,Google Orgânico,319.6,183.68,135.92,42.53,319.6,2025-05
V00005,2025-10-16,C0076,P0057,1,PIX,Coffee Man Duo,Perfume,O Boticário,100.0,194.9,Sim,48.18,O Boticário,Camila Lima,camila.lima80@email.com,Feminino,1986-01-14,Porto Alegre,RS,2023-10-06,Instagram Ads,194.9,48.18,146.72,75.28,194.9,2025-10
V00006,2025-08-15,C0057,P0057,5,CARTÃO DE CRÉDITO,Coffee Man Duo,Perfume,O Boticário,100.0,194.9,Sim,48.18,O Boticário,Lucas Pereira,lucas.pereira837@gmail.com,Masculino,1996-05-15,Uberlândia,MG,2023-11-09,Marketplace,974.5,240.9,733.6,75.28,974.5,2025-08
V00007,2025-06-06,C0117,P0074,4,BOLETO,Sabonete Líquido Dermotivin,Skincare,Galderma,300.0,105.0,Sim,86.16,Galderma,Daniela Oliveira,daniela.oliveira931@email.com,Feminino,1977-10-05,Porto Alegre,RS,2023-03-15,Google Orgânico,420.0,344.64,75.36,17.94,420.0,2025-06
V00008,2025-01-18,C0107,P0068,5,BOLETO,Kit Miniaturas Verbena,Kit Presente,L'Occitane En Provence,,145.0,Sim,82.7,L'Occitane En Provence,Ana Gomes,ana.gomes300@email.com,Feminino,2009-01-15,Belo Horizonte,MG,2023-04-16,Marketplace,725.0,413.5,311.5,42.97,725.0,2025-01
V00009,2025-04-27,C0194,P0067,5,BOLETO,Esfoliante Purificante De Jengibre,Skincare,L'Occitane Au Brésil,50.0,95.0,Sim,147.03,L'Occitane Au Brésil,Carlos Pereira,carlos.pereira405@gmail.com,Masculino,1965-09-09,São Paulo,SP,2023-07-29,Instagram Ads,475.0,735.15,-260.15,-54.77,475.0,2025-04
V00010,2025-09-11,C0175,P0076,2,BOLETO,Óleo Bio-Oil,Óleo Corporal,Bio-Oil,60.0,45.0,Sim,24.92,Bio-Oil,Paula Carvalho,paula.carvalho534@email.com,Feminino,2006-02-04,Porto Alegre,RS,2023-02-01,Google Orgânico,90.0,49.84,40.16,44.62,90.0,2025-09
V00011,2025-06-22,C0115,P0065,1,BOLETO,Máscara Capilar Match,Cabelo,O Boticário,250.0,64.9,Sim,46.42,O Boticário,Marcos Silva,marcos.silva238@gmail.com,Masculino,1990-05-14,Porto Alegre,RS,2024-04-09,Google Orgânico,64.9,46.42,18.48,28.47,64.9,2025-06
V00012,2025-03-21,C0145,P0071,3,CARTÃO DE CRÉDITO,Effaclar Gel De Limpeza,Skincare,La Roche-Posay,150.0,89.9,Sim,66.48,La Roche-Posay,Carlos Silva,carlos.silva333@gmail.com,Masculino,1991-04-28,São Paulo,SP,2024-01-03,Instagram Ads,269.7,199.44,70.26,26.05,269.7,2025-03
V00013,2025-07-14,C0130,P0053,1,CARTÃO DE CRÉDITO,Demaquilante Bifásico,Skincare,Natura,150.0,72.0,Sim,59.95,Natura,Paula Oliveira,paula.oliveira319@email.com,Feminino,2014-07-19,São Paulo,SP,2024-02-22,Google Orgânico,72.0,59.95,12.05,16.74,72.0,2025-07
V00014,2025-07-03,C0039,P0052,5,CARTÃO DE CRÉDITO,Desodorante Colônia Kriska Shock,Perfume,Natura,100.0,124.9,Sim,117.01,Natura,Paula Rodrigues,paula.rodrigues59@email.com,Feminino,2017-05-30,São Paulo,SP,2024-05-03,Indicação,624.5,585.05,39.45,6.32,624.5,2025-07
V00015,2025-06-16,C0114,P0044,3,CARTÃO DE CRÉDITO,Glow Primer Professional,Maquiagem,Beyoung,30.0,119.9,Sim,112.2,Beyoung,Larissa Santos,larissa.santos161@email.com,Feminino,2001-08-26,São Paulo,SP,2024-04-06,E-Mail Marketing,359.7,336.6,23.1,6.42,359.7,2025-06
V00016,2025-08-20,C0126,P0047,2,CARTÃO DE CRÉDITO,Eudora H Acqua,Perfume,Eudora,100.0,154.9,Sim,84.51,Eudora,Fernanda Costa,fernanda.costa332@email.com,Feminino,2001-04-06,Rio de Janeiro,RJ,2024-06-10,Marketplace,309.8,169.02,140.78,45.44,309.8,2025-08
V00017,2025-04-01,C0208,P0058,5,CARTÃO DE CRÉDITO,Bálsamo Pós-Barba,Masculino,O Boticário,110.0,59.9,Sim,44.8,O Boticário,Carolina Ribeiro,carolina.ribeiro520@email.com,Feminino,2006-07-07,Niterói,RJ,2024-08-17,Indicação,299.5,224.0,75.5,25.21,299.5,2025-04
V00018,2025-05-16,C0132,P0016,4,PIX,Luna Valentina,Perfume,Natura,75.0,184.9,Sim,60.0,Natura,André Araujo,andré.araujo280@gmail.com,Masculino,2008-04-15,Niterói,RJ,2024-04-28,Google Ads,739.6,240.0,499.6,67.55,739.6,2025-05
V00019,2025-07-31,C0015,P0061,4,BOLETO,Protetor Solar Fps 60,Skincare,Natura,120.0,69.9,Sim,38.47,Natura,Bruno Costa,bruno.costa143@gmail.com,Masculino,2015-05-13,Curitiba,PR,2024-07-05,Instagram Ads,279.6,153.88,125.72,44.96,279.6,2025-07
V00020,2025-11-19,C0207,P0017,4,PIX,Magnolia D'Orizaba,Perfume,L'Occitane Au Brésil,100.0,169.9,Sim,69.8,L'Occitane Au Brésil,Eduardo Silva,eduardo.silva59@gmail.com,Masculino,1990-10-03,Campinas,SP,2023-03-20,E-Mail Marketing,679.6,279.2,400.4,58.92,679.6,2025-11
V00021,2025-02-10,C0066,P0065,1,CARTÃO DE CRÉDITO,Máscara Capilar Match,Cabelo,O Boticário,250.0,64.9,Sim,46.42,O Boticário,Felipe Gomes,felipe.gomes854@gmail.com,Masculino,1992-04-06,São Paulo,SP,2023-10-21,Google Ads,64.9,46.42,18.48,28.47,64.9,2025-02
V00022,2025-08-15,C0019,P0058,2,CARTÃO DE CRÉDITO,Bálsamo Pós-Barba,Masculino,O Boticário,110.0,59.9,Sim,44.8,O Boticário,Daniela Gomes,daniela.gomes769@email.com,Feminino,1995-07-09,Porto Alegre,RS,2023-04-25,Instagram Ads,119.8,89.6,30.2,25.21,119.8,2025-08
V00023,2025-12-19,C0180,P0024,4,CARTÃO DE CRÉDITO,Combo Niina Secrets,Kit Presente,Eudora,,249.9,Sim,117.97,Eudora,Thiago Lima,thiago.lima409@gmail.com,Masculino,1973-07-13,Niterói,RJ,2023-11-17,Facebook Ads,999.6,471.88,527.72,52.79,999.6,2025-12
V00024,2025-03-03,C0018,P0022,5,PIX,Nativa Spa Ameixa,Loção Hidratante,O Boticário,400.0,74.9,Sim,54.49,O Boticário,Diego Lima,diego.lima542@gmail.com,Masculino,2014-08-20,Porto Alegre,RS,2023-01-12,E-Mail Marketing,374.5,272.45,102.05,27.25,374.5,2025-03
V00025,2025-10-21,C0105,P0014,1,CARTÃO DE CRÉDITO,La Victorie Intense,Perfume,Eudora,75.0,214.9,Sim,22.11,Eudora,Marcos Araujo,marcos.araujo604@gmail.com,Masculino,1974-01-08,Porto Alegre,RS,2023-07-18,Instagram Ads,214.9,22.11,192.79,89.71,214.9,2025-10
V00026,2025-10-18,C0187,P0047,2,BOLETO,Eudora H Acqua,Perfume,Eudora,100.0,154.9,Sim,84.51,Eudora,Camila Araujo,camila.araujo781@email.com,Feminino,1995-06-28,Porto Alegre,RS,2023-12-26,Google Orgânico,309.8,169.02,140.78,45.44,309.8,2025-10
V00027,2025-01-19,C0098,P0026,4,PIX,Terra De Flor De Sal,Sabonete Líquido,L'Occitane Au Brésil,250.0,64.9,Sim,37.59,L'Occitane Au Brésil,Bruno Lima,bruno.lima218@gmail.com,Masculino,1988-03-06,Campinas,SP,2023-12-15,Instagram Ads,259.6,150.36,109.24,42.08,259.6,2025-01
V00028,2025-01-20,C0021,P0076,4,BOLETO,Óleo Bio-Oil,Óleo Corporal,Bio-Oil,60.0,45.0,Sim,24.92,Bio-Oil,Daniela Costa,daniela.costa862@email.com,Feminino,1978-09-18,Curitiba,PR,2024-01-18,Marketplace,180.0,99.68,80.32,44.62,180.0,2025-01
V00029,2025-05-17,C0168,P0064,5,PIX,Shampoo Match Patrulha Do Frizz,Cabelo,O Boticário,250.0,42.9,Sim,41.7,O Boticário,Daniela Carvalho,daniela.carvalho612@email.com,Feminino,1969-07-16,São Paulo,SP,2023-12-08,Google Ads,214.5,208.5,6.0,2.8,214.5,2025-05
V00030,2025-07-02,C0138,P0043,1,PIX,Malbec Magnetic,Perfume,O Boticário,100.0,209.9,Sim,68.24,O Boticário,Gabriel Lima,gabriel.lima723@gmail.com,Masculino,1999-08-22,Niterói,RJ,2023-06-05,Facebook Ads,209.9,68.24,141.66,67.49,209.9,2025-07
V00031,2025-05-11,C0187,P0053,5,CARTÃO DE CRÉDITO,Demaquilante Bifásico,Skincare,Natura,150.0,72.0,Sim,59.95,Natura,Camila Araujo,camila.araujo781@email.com,Feminino,1995-06-28,Porto Alegre,RS,2023-12-26,Google Orgânico,360.0,299.75,60.25,16.74,360.0,2025-05
V00032,2025-01-24,C0077,P0062,1,PIX,Mousse De Banho Lily,Sabonete,O Boticário,150.0,79.9,Sim,63.82,O Boticário,André Santos,andré.santos142@gmail.com,Masculino,1985-09-30,Belo Horizonte,MG,2024-01-28,E-Mail Marketing,79.9,63.82,16.08,20.13,79.9,2025-01
V00033,2025-03-10,C0137,P0020,5,PIX,Arbo Forest,Perfume,O Boticário,100.0,164.9,Sim,26.68,O Boticário,Paula Pereira,paula.pereira586@email.com,Feminino,1985-12-15,Niterói,RJ,2024-02-25,Google Orgânico,824.5,133.4,691.1,83.82,824.5,2025-03
V00034,2025-09-11,C0118,P0021,2,PIX,Amêndoas Doces Sève,Óleo Corporal,Natura,200.0,92.9,Sim,76.84,Natura,Camila Ribeiro,camila.ribeiro767@email.com,Feminino,2004-05-26,Porto Alegre,RS,2023-05-08,Facebook Ads,185.8,153.68,32.12,17.29,185.8,2025-09
V00035,2025-10-10,C0049,P0055,2,BOLETO,Loção Hidratante Mandacaru,Hidratante,L'Occitane Au Brésil,200.0,84.9,Sim,31.41,L'Occitane Au Brésil,André Lima,andré.lima258@gmail.com,Masculino,1973-04-13,São Paulo,SP,2024-03-09,Marketplace,169.8,62.82,106.98,63.0,169.8,2025-10
V00036,2025-02-02,C0208,P0048,1,BOLETO,Sérum Preenchedor Biohidratante,Skincare,Natura,30.0,158.0,Sim,55.25,Natura,Carolina Ribeiro,carolina.ribeiro520@email.com,Feminino,2006-07-07,Niterói,RJ,2024-08-17,Indicação,158.0,55.25,102.75,65.03,158.0,2025-02
V00037,2025-09-21,C0197,P0004,4,CARTÃO DE CRÉDITO,Lily Eau De Parfum,Perfume,O Boticário,75.0,299.9,Sim,99.13,O Boticário,Rafael Alves,rafael.alves883@gmail.com,Masculino,2004-02-20,São Paulo,SP,2023-01-20,Facebook Ads,1199.6,396.52,803.08,66.95,1199.6,2025-09
V00038,2025-07-31,C0018,P0057,2,CARTÃO DE CRÉDITO,Coffee Man Duo,Perfume,O Boticário,100.0,194.9,Sim,48.18,O Boticário,Diego Lima,diego.lima542@gmail.com,Masculino,2014-08-20,Porto Alegre,RS,2023-01-12,E-Mail Marketing,389.8,96.36,293.44,75.28,389.8,2025-07
V00039,2025-02-04,C0115,P0074,5,BOLETO,Sabonete Líquido Dermotivin,Skincare,Galderma,300.0,105.0,Sim,86.16,Galderma,Marcos Silva,marcos.silva238@gmail.com,Masculino,1990-05-14,Porto Alegre,RS,2024-04-09,Google Orgânico,525.0,430.8,94.2,17.94,525.0,2025-02
V00040,2025-09-08,C0190,P0035,1,CARTÃO DE CRÉDITO,Batom Matte Tint,Maquiagem,Eudora,4.0,49.9,Sim,20.85,Eudora,Bruno Rodrigues,bruno.rodrigues320@gmail.com,Masculino,2015-12-03,Campinas,SP,2023-03-28,Google Orgânico,49.9,20.85,29.05,58.22,49.9,2025-09
V00041,2025-03-25,C0060,P0041,4,BOLETO,Óleo Trifásico Ekos Andiroba,Óleo Corporal,Natura,200.0,79.9,Sim,45.92,Natura,Camila Oliveira,camila.oliveira595@email.com,Feminino,1968-06-07,Porto Alegre,RS,2023-04-22,Indicação,319.6,183.68,135.92,42.53,319.6,2025-03
V00042,2025-02-27,C0036,P0013,2,BOLETO,Coffee Woman Seduction,Perfume,O Boticário,100.0,189.9,Sim,64.7,O Boticário,Eduardo Lima,eduardo.lima219@gmail.com,Masculino,1970-04-06,Niterói,RJ,2023-06-18,Facebook Ads,379.8,129.4,250.4,65.93,379.8,2025-02
V00043,2025-08-28,C0209,P0072,3,BOLETO,Protetor Anthelios Fps 60,Skincare,La Roche-Posay,40.0,94.0,Sim,77.76,La Roche-Posay,Renata Ribeiro,renata.ribeiro668@email.com,Feminino,1993-11-05,Curitiba,PR,2024-05-02,Indicação,282.0,233.28,48.72,17.28,282.0,2025-08
V00044,2025-11-23,C0148,P0050,5,BOLETO,Condicionador Siàge Nutri Rose,Cabelo,Eudora,200.0,49.9,Sim,21.38,Eudora,Beatriz Lima,beatriz.lima654@email.com,Feminino,2006-03-26,Porto Alegre,RS,2023-09-19,E-Mail Marketing,249.5,106.9,142.6,57.15,249.5,2025-11
V00045,2025-08-31,C0078,P0055,3,CARTÃO DE CRÉDITO,Loção Hidratante Mandacaru,Hidratante,L'Occitane Au Brésil,200.0,84.9,Sim,31.41,L'Occitane Au Brésil,Paula Pereira,paula.pereira66@email.com,Feminino,2001-07-27,Niterói,RJ,2023-12-05,Indicação,254.7,94.23,160.47,63.0,254.7,2025-08
V00046,2025-08-15,C0106,P0047,5,PIX,Eudora H Acqua,Perfume,Eudora,100.0,154.9,Sim,84.51,Eudora,Fernanda Oliveira,fernanda.oliveira310@email.com,Feminino,2012-12-02,São Paulo,SP,2023-05-10,Instagram Ads,774.5,422.55,351.95,45.44,774.5,2025-08
V00047,2025-03-04,C0143,P0013,3,BOLETO,Coffee Woman Seduction,Perfume,O Boticário,100.0,189.9,Sim,64.7,O Boticário,Beatriz Carvalho,beatriz.carvalho701@email.com,Feminino,1985-05-30,Porto Alegre,RS,2023-04-03,Facebook Ads,569.7,194.1,375.6,65.93,569.7,2025-03
V00048,2025-10-03,C0174,P0039,2,PIX,Kit Instance Frutas Vermelhas,Kit Presente,Eudora,400.0,85.0,Sim,45.56,Eudora,André Ribeiro,andré.ribeiro112@gmail.com,Masculino,2010-03-15,Uberlândia,MG,2023-08-15,Indicação,170.0,91.12,78.88,46.4,170.0,2025-10
V00049,2025-05-22,C0013,P0048,5,PIX,Sérum Preenchedor Biohidratante,Skincare,Natura,30.0,158.0,Sim,55.25,Natura,Carlos Pereira,carlos.pereira842@gmail.com,Masculino,1993-04-20,São Paulo,SP,2024-02-15,Instagram Ads,790.0,276.25,513.75,65.03,790.0,2025-05
V00050,2025-06-21,C0082,P0025,4,BOLETO,Ekos Castanha,Polpa Hidratante,Natura,400.0,82.9,Sim,63.95,Natura,Eduardo Silva,eduardo.silva399@gmail.com,Masculino,2001-04-10,Campinas,SP,2023-06-19,Marketplace,331.6,255.8,75.8,22.86,331.6,2025-06
V00051,2025-02-23,C0039,P0064,4,PIX,Shampoo Match Patrulha Do Frizz,Cabelo,O Boticário,250.0,42.9,Sim,41.7,O Boticário,Paula Rodrigues,paula.rodrigues59@email.com,Feminino,2017-05-30,São Paulo,SP,2024-05-03,Indicação,171.6,166.8,4.8,2.8,171.6,2025-02
V00052,2025-07-08,C0194,P0060,4,BOLETO,Perfume Ilía Secreto,Perfume,Natura,50.0,169.9,Sim,158.29,Natura,Carlos Pereira,carlos.pereira405@gmail.com,Masculino,1965-09-09,São Paulo,SP,2023-07-29,Instagram Ads,679.6,633.16,46.44,6.83,679.6,2025-07
V00053,2025-09-04,C0218,P0012,4,CARTÃO DE CRÉDITO,Nuvem Cuide-Se Bem,Body Splash,O Boticário,200.0,69.9,Sim,49.64,O Boticário,Eduardo Pereira,eduardo.pereira232@gmail.com,Masculino,1978-11-26,Belo Horizonte,MG,2023-03-21,Instagram Ads,279.6,198.56,81.04,28.98,279.6,2025-09
V00054,2025-05-28,C0207,P0028,3,PIX,Óleo De Banho Amêndoa,Óleo Corporal,L'Occitane En Provence,250.0,235.0,Sim,139.18,L'Occitane En Provence,Eduardo Silva,eduardo.silva59@gmail.com,Masculino,1990-10-03,Campinas,SP,2023-03-20,E-Mail Marketing,705.0,417.54,287.46,40.77,705.0,2025-05
V00055,2025-07-29,C0106,P0056,1,PIX,Sabonete Em Barra Erva Doce,Sabonete (3Un),Natura,270.0,24.9,Sim,10.93,Natura,Fernanda Oliveira,fernanda.oliveira310@email.com,Feminino,2012-12-02,São Paulo,SP,2023-05-10,Instagram Ads,24.9,10.93,13.97,56.1,24.9,2025-07
V00056,2025-06-26,C0035,P0045,5,PIX,Sabonete Líquido Nativa Spa,Sabonete,O Boticário,200.0,49.9,Sim,12.68,O Boticário,Ana Carvalho,ana.carvalho554@email.com,Feminino,1973-05-15,São Paulo,SP,2023-08-31,Google Ads,249.5,63.4,186.1,74.59,249.5,2025-06
V00057,2025-09-19,C0053,P0064,2,PIX,Shampoo Match Patrulha Do Frizz,Cabelo,O Boticário,250.0,42.9,Sim,41.7,O Boticário,Bruno Silva,bruno.silva316@gmail.com,Masculino,1968-07-31,Campinas,SP,2024-01-02,Google Ads,85.8,83.4,2.4,2.8,85.8,2025-09
V00058,2025-04-05,C0217,P0058,1,PIX,Bálsamo Pós-Barba,Masculino,O Boticário,110.0,59.9,Sim,44.8,O Boticário,André Rodrigues,andré.rodrigues19@gmail.com,Masculino,1992-09-16,Campinas,SP,2023-07-04,Google Ads,59.9,44.8,15.1,25.21,59.9,2025-04
V00059,2025-07-02,C0186,P0052,1,CARTÃO DE CRÉDITO,Desodorante Colônia Kriska Shock,Perfume,Natura,100.0,124.9,Sim,117.01,Natura,André Ribeiro,andré.ribeiro629@gmail.com,Masculino,1919-08-21,São Paulo,SP,2023-10-01,Google Orgânico,124.9,117.01,7.89,6.32,124.9,2025-07
V00060,2025-10-02,C0097,P0043,1,BOLETO,Malbec Magnetic,Perfume,O Boticário,100.0,209.9,Sim,68.24,O Boticário,Lucas Lima,lucas.lima584@gmail.com,Masculino,1995-03-08,Niterói,RJ,2023-01-30,Facebook Ads,209.9,68.24,141.66,67.49,209.9,2025-10
V00061,2025-09-09,C0011,P0071,5,CARTÃO DE CRÉDITO,Effaclar Gel De Limpeza,Skincare,La Roche-Posay,150.0,89.9,Sim,66.48,La Roche-Posay,Daniela Costa,daniela.costa719@email.com,Feminino,1919-08-26,Rio de Janeiro,RJ,2023-06-25,Indicação,449.5,332.4,117.1,26.05,449.5,2025-09
V00062,2025-08-24,C0186,P0059,2,BOLETO,Óleo Em Calda Nativa Spa,Óleo Corporal,O Boticário,200.0,76.9,Sim,55.59,O Boticário,André Ribeiro,andré.ribeiro629@gmail.com,Masculino,1919-08-21,São Paulo,SP,2023-10-01,Google Orgânico,153.8,111.18,42.62,27.71,153.8,2025-08
V00063,2025-08-11,C0123,P0079,5,CARTÃO DE CRÉDITO,Desodorante Roll-On Tododia,Higiene,Natura,70.0,21.9,Não,124.9,Natura,Leonardo Lima,leonardo.lima993@gmail.com,Masculino,2007-03-03,Rio de Janeiro,RJ,2023-12-23,Facebook Ads,109.5,624.5,-515.0,-470.32,109.5,2025-08
V00064,2025-11-07,C0004,P0058,3,CARTÃO DE CRÉDITO,Bálsamo Pós-Barba,Masculino,O Boticário,110.0,59.9,Sim,44.8,O Boticário,Lucas Lima,lucas.lima604@gmail.com,Masculino,1965-08-01,Porto Alegre,RS,2023-06-13,E-Mail Marketing,179.7,134.4,45.3,25.21,179.7,2025-11
V00065,2025-05-01,C0192,P0004,2,PIX,Lily Eau De Parfum,Perfume,O Boticário,75.0,299.9,Sim,99.13,O Boticário,Eduardo Ribeiro,eduardo.ribeiro453@gmail.com,Masculino,1989-07-05,Niterói,RJ,2023-08-09,Marketplace,599.8,198.26,401.54,66.95,599.8,2025-05
V00066,2025-09-10,C0181,P0051,2,CARTÃO DE CRÉDITO,Kit Presente Celebre Sua Sorte,Kit Presente,O Boticário,,114.9,Não,107.44,O Boticário,Leonardo Costa,leonardo.costa384@gmail.com,Masculino,2007-07-20,Belo Horizonte,MG,2023-03-10,Google Orgânico,229.8,214.88,14.92,6.49,229.8,2025-09
V00067,2025-09-03,C0142,P0045,4,PIX,Sabonete Líquido Nativa Spa,Sabonete,O Boticário,200.0,49.9,Sim,12.68,O Boticário,Thiago Carvalho,thiago.carvalho736@gmail.com,Masculino,2013-07-16,Uberlândia,MG,2023-02-06,Indicação,199.6,50.72,148.88,74.59,199.6,2025-09
V00068,2025-01-25,C0120,P0063,3,BOLETO,Colônia Mamãe E Bebê,Perfume Infantil,Natura,100.0,84.9,Sim,70.43,Natura,Rafael Ribeiro,rafael.ribeiro41@gmail.com,Masculino,1993-12-01,Niterói,RJ,2023-09-14,Google Orgânico,254.7,211.29,43.41,17.04,254.7,2025-01
V00069,2025-11-12,C0067,P0065,3,PIX,Máscara Capilar Match,Cabelo,O Boticário,250.0,64.9,Sim,46.42,O Boticário,Diego Ribeiro,diego.ribeiro671@gmail.com,Masculino,2006-09-19,Campinas,SP,2024-03-28,Facebook Ads,194.7,139.26,55.44,28.47,194.7,2025-11
V00070,2025-05-24,C0120,P0064,5,CARTÃO DE CRÉDITO,Shampoo Match Patrulha Do Frizz,Cabelo,O Boticário,250.0,42.9,Sim,41.7,O Boticário,Rafael Ribeiro,rafael.ribeiro41@gmail.com,Masculino,1993-12-01,Niterói,RJ,2023-09-14,Google Orgânico,214.5,208.5,6.0,2.8,214.5,2025-05
V00071,2025-11-24,C0053,P0065,4,PIX,Máscara Capilar Match,Cabelo,O Boticário,250.0,64.9,Sim,46.42,O Boticário,Bruno Silva,bruno.silva316@gmail.com,Masculino,1968-07-31,Campinas,SP,2024-01-02,Google Ads,259.6,185.68,73.92,28.47,259.6,2025-11
V00072,2025-02-28,C0012,P0049,3,BOLETO,Shampoo Siàge Nutri Rose,Cabelo,Eudora,250.0,45.9,Sim,20.8,Eudora,Juliana Lima,juliana.lima389@email.com,Feminino,2014-12-20,Porto Alegre,RS,2023-08-13,E-Mail Marketing,137.7,62.4,75.3,54.68,137.7,2025-02
V00073,2025-05-30,C0005,P0052,2,PIX,Desodorante Colônia Kriska Shock,Perfume,Natura,100.0,124.9,Sim,117.01,Natura,Thiago Costa,thiago.costa160@gmail.com,Masculino,1995-03-14,Curitiba,PR,2023-04-15,Google Orgânico,249.8,234.02,15.78,6.32,249.8,2025-05
V00074,2025-08-21,C0149,P0076,5,BOLETO,Óleo Bio-Oil,Óleo Corporal,Bio-Oil,60.0,45.0,Sim,24.92,Bio-Oil,Renata Costa,renata.costa694@email.com,Feminino,1971-08-18,Belo Horizonte,MG,2024-03-28,Instagram Ads,225.0,124.6,100.4,44.62,225.0,2025-08
V00075,2025-10-30,C0040,P0051,4,CARTÃO DE CRÉDITO,Kit Presente Celebre Sua Sorte,Kit Presente,O Boticário,,114.9,Não,107.44,O Boticário,Ana Gomes,ana.gomes83@email.com,Feminino,1971-02-24,Belo Horizonte,MG,2023-03-11,E-Mail Marketing,459.6,429.76,29.84,6.49,459.6,2025-10
V00076,2025-08-24,C0098,P0036,3,BOLETO,Base Fluid Fps 60,Maquiagem,Natura,30.0,109.9,Sim,21.15,Natura,Bruno Lima,bruno.lima218@gmail.com,Masculino,1988-03-06,Campinas,SP,2023-12-15,Instagram Ads,329.7,63.45,266.25,80.76,329.7,2025-08
V00077,2025-05-26,C0141,P0043,2,BOLETO,Malbec Magnetic,Perfume,O Boticário,100.0,209.9,Sim,68.24,O Boticário,Thiago Ribeiro,thiago.ribeiro710@gmail.com,Masculino,1972-03-16,Niterói,RJ,2023-12-03,Marketplace,419.8,136.48,283.32,67.49,419.8,2025-05
V00078,2025-09-21,C0196,P0053,3,PIX,Demaquilante Bifásico,Skincare,Natura,150.0,72.0,Sim,59.95,Natura,Bruno Oliveira,bruno.oliveira390@gmail.com,Masculino,2009-11-18,Curitiba,PR,2024-07-26,Marketplace,216.0,179.85,36.15,16.74,216.0,2025-09
V00079,2025-04-16,C0044,P0007,4,BOLETO,Eudora Royal,Perfume,Eudora,75.0,204.9,Sim,133.01,Eudora,Ana Lima,ana.lima637@email.com,Feminino,1971-07-29,Rio de Janeiro,RJ,2024-07-04,Google Ads,819.6,532.04,287.56,35.09,819.6,2025-04
V00080,2025-06-23,C0036,P0048,3,BOLETO,Sérum Preenchedor Biohidratante,Skincare,Natura,30.0,158.0,Sim,55.25,Natura,Eduardo Lima,eduardo.lima219@gmail.com,Masculino,1970-04-06,Niterói,RJ,2023-06-18,Facebook Ads,474.0,165.75,308.25,65.03,474.0,2025-06
V00081,2025-05-15,C0048,P0048,5,BOLETO,Sérum Preenchedor Biohidratante,Skincare,Natura,30.0,158.0,Sim,55.25,Natura,Camila Costa,camila.costa620@email.com,Feminino,1995-10-06,Curitiba,PR,2023-07-28,E-Mail Marketing,790.0,276.25,513.75,65.03,790.0,2025-05
V00082,2025-06-20,C0009,P0069,1,CARTÃO DE CRÉDITO,Hidratante Labial Bepantol,Skincare,Bayer,4.5,39.9,Sim,13.78,Bayer,Ana Carvalho,ana.carvalho234@email.com,Feminino,1972-02-28,Porto Alegre,RS,2023-08-27,Marketplace,39.9,13.78,26.12,65.46,39.9,2025-06
V00083,2025-01-07,C0106,P0052,1,CARTÃO DE CRÉDITO,Desodorante Colônia Kriska Shock,Perfume,Natura,100.0,124.9,Sim,117.01,Natura,Fernanda Oliveira,fernanda.oliveira310@email.com,Feminino,2012-12-02,São Paulo,SP,2023-05-10,Instagram Ads,124.9,117.01,7.89,6.32,124.9,2025-01
V00084,2025-03-11,C0182,P0070,2,CARTÃO DE CRÉDITO,Água Micelar,Skincare,L'Oréal Paris,200.0,34.9,Sim,11.6,L'Oréal Paris,Mariana Alves,mariana.alves99@email.com,Feminino,1976-09-03,Campinas,SP,2024-07-23,Google Orgânico,69.8,23.2,46.6,66.76,69.8,2025-03
V00085,2025-08-12,C0130,P0080,1,PIX,Óleo De Amêndoas Com Baunilha,Óleo Corporal,Paixão,200.0,22.5,Sim,7.9,Paixão,Paula Oliveira,paula.oliveira319@email.com,Feminino,2014-07-19,São Paulo,SP,2024-02-22,Google Orgânico,22.5,7.9,14.6,64.89,22.5,2025-08
V00086,2025-03-03,C0159,P0075,3,BOLETO,Creme Antissinais Cicatricure,Skincare,Genomma Lab,50.0,54.9,Sim,26.87,Genomma Lab,Carlos Costa,carlos.costa550@gmail.com,Masculino,2005-10-20,Rio de Janeiro,RJ,2024-01-13,E-Mail Marketing,164.7,80.61,84.09,51.06,164.7,2025-03
V00087,2025-05-09,C0169,P0075,5,PIX,Creme Antissinais Cicatricure,Skincare,Genomma Lab,50.0,54.9,Sim,26.87,Genomma Lab,Carolina Pereira,carolina.pereira71@email.com,Feminino,2017-08-10,Curitiba,PR,2023-08-10,Marketplace,274.5,134.35,140.15,51.06,274.5,2025-05
V00088,2025-01-07,C0137,P0062,1,BOLETO,Mousse De Banho Lily,Sabonete,O Boticário,150.0,79.9,Sim,63.82,O Boticário,Paula Pereira,paula.pereira586@email.com,Feminino,1985-12-15,Niterói,RJ,2024-02-25,Google Orgânico,79.9,63.82,16.08,20.13,79.9,2025-01
V00089,2025-01-13,C0005,P0072,4,BOLETO,Protetor Anthelios Fps 60,Skincare,La Roche-Posay,40.0,94.0,Sim,77.76,La Roche-Posay,Thiago Costa,thiago.costa160@gmail.com,Masculino,1995-03-14,Curitiba,PR,2023-04-15,Google Orgânico,376.0,311.04,64.96,17.28,376.0,2025-01
V00090,2025-07-02,C0074,P0073,3,CARTÃO DE CRÉDITO,Mineral 89 Sérum,Skincare,Vichy,50.0,179.9,Sim,126.26,Vichy,Eduardo Ribeiro,eduardo.ribeiro835@gmail.com,Masculino,2014-02-25,Niterói,RJ,2024-04-01,Google Ads,539.7,378.78,160.92,29.82,539.7,2025-07
V00091,2025-11-21,C0111,P0025,5,CARTÃO DE CRÉDITO,Ekos Castanha,Polpa Hidratante,Natura,400.0,82.9,Sim,63.95,Natura,Diego Ribeiro,diego.ribeiro810@gmail.com,Masculino,2011-11-19,Curitiba,PR,2024-01-25,Facebook Ads,414.5,319.75,94.75,22.86,414.5,2025-11
V00092,2025-04-09,C0135,P0059,1,CARTÃO DE CRÉDITO,Óleo Em Calda Nativa Spa,Óleo Corporal,O Boticário,200.0,76.9,Sim,55.59,O Boticário,Camila Araujo,camila.araujo306@email.com,Feminino,1978-05-02,Uberlândia,MG,2024-04-02,Indicação,76.9,55.59,21.31,27.71,76.9,2025-04
V00093,2025-07-16,C0159,P0078,2,BOLETO,Espuma De Limpeza Facial,Skincare,Natura,150.0,82.0,Sim,12.25,Natura,Carlos Costa,carlos.costa550@gmail.com,Masculino,2005-10-20,Rio de Janeiro,RJ,2024-01-13,E-Mail Marketing,164.0,24.5,139.5,85.06,164.0,2025-07
V00094,2025-12-29,C0069,P0019,3,PIX,Zaad Arctic,Perfume,O Boticário,95.0,284.9,Sim,195.96,O Boticário,Rafael Pereira,rafael.pereira689@gmail.com,Masculino,1985-02-26,Porto Alegre,RS,2023-07-23,Google Ads,854.7,587.88,266.82,31.22,854.7,2025-12
V00095,2025-01-18,C0104,P0048,1,PIX,Sérum Preenchedor Biohidratante,Skincare,Natura,30.0,158.0,Sim,55.25,Natura,Fernanda Santos,fernanda.santos761@email.com,Feminino,1982-03-09,Belo Horizonte,MG,2023-08-10,E-Mail Marketing,158.0,55.25,102.75,65.03,158.0,2025-01
V00096,2025-09-07,C0179,P0033,5,CARTÃO DE CRÉDITO,Sabonete Líquido Ekos,Sabonete,Natura,200.0,45.9,Sim,31.77,Natura,Rafael Araujo,rafael.araujo118@gmail.com,Masculino,2003-08-02,Curitiba,PR,2024-04-07,Google Ads,229.5,158.85,70.65,30.78,229.5,2025-09
V00097,2025-12-01,C0212,P0058,3,CARTÃO DE CRÉDITO,Bálsamo Pós-Barba,Masculino,O Boticário,110.0,59.9,Sim,44.8,O Boticário,Fernanda Rodrigues,fernanda.rodrigues940@email.com,Feminino,1999-10-04,Porto Alegre,RS,2024-02-23,Marketplace,179.7,134.4,45.3,25.21,179.7,2025-12
V00098,2025-04-06,C0104,P0005,1,PIX,Elysée Success,Perfume,O Boticário,50.0,274.9,Sim,153.77,O Boticário,Fernanda Santos,fernanda.santos761@email.com,Feminino,1982-03-09,Belo Horizonte,MG,2023-08-10,E-Mail Marketing,274.9,153.77,121.13,44.06,274.9,2025-04
V00099,2025-07-19,C0122,P0047,4,CARTÃO DE CRÉDITO,Eudora H Acqua,Perfume,Eudora,100.0,154.9,Sim,84.51,Eudora,Renata Gomes,renata.gomes668@email.com,Feminino,1989-12-15,Uberlândia,MG,2023-07-05,Indicação,619.6,338.04,281.56,45.44,619.6,2025-07
V00100,2025-06-25,C0022,P0033,1,PIX,Sabonete Líquido Ekos,Sabonete,Natura,200.0,45.9,Sim,31.77,Natura,Larissa Gomes,larissa.gomes941@email.com,Feminino,2018-09-26,São Paulo,SP,2023-11-28,Facebook Ads,45.9,31.77,14.13,30.78,45.9,2025-06
V00101,2025-10-22,C0201,P0043,4,PIX,Malbec Magnetic,Perfume,O Boticário,100.0,209.9,Sim,68.24,O Boticário,Gabriel Rodrigues,gabriel.rodrigues227@gmail.com,Masculino,1980-02-01,Campinas,SP,2023-03-20,Indicação,839.6,272.96,566.64,67.49,839.6,2025-10
V00102,2025-04-08,C0136,P0048,5,CARTÃO DE CRÉDITO,Sérum Preenchedor Biohidratante,Skincare,Natura,30.0,158.0,Sim,55.25,Natura,Thiago Rodrigues,thiago.rodrigues566@gmail.com,Masculino,2005-11-07,Niterói,RJ,2023-11-26,Marketplace,790.0,276.25,513.75,65.03,790.0,2025-04
V00103,2025-08-05,C0178,P0054,2,BOLETO,Hidratante Facial Hydra Gel,Skincare,Beyoung,50.0,89.9,Sim,19.64,Beyoung,Felipe Ribeiro,felipe.ribeiro544@gmail.com,Masculino,2005-09-15,Porto Alegre,RS,2024-06-01,Indicação,179.8,39.28,140.52,78.15,179.8,2025-08
V00104,2025-10-05,C0012,P0070,4,CARTÃO DE CRÉDITO,Água Micelar,Skincare,L'Oréal Paris,200.0,34.9,Sim,11.6,L'Oréal Paris,Juliana Lima,juliana.lima389@email.com,Feminino,2014-12-20,Porto Alegre,RS,2023-08-13,E-Mail Marketing,139.6,46.4,93.2,66.76,139.6,2025-10
V00105,2025-07-10,C0145,P0061,3,BOLETO,Protetor Solar Fps 60,Skincare,Natura,120.0,69.9,Sim,38.47,Natura,Carlos Silva,carlos.silva333@gmail.com,Masculino,1991-04-28,São Paulo,SP,2024-01-03,Instagram Ads,209.7,115.41,94.29,44.96,209.7,2025-07
V00106,2025-07-03,C0218,P0066,1,PIX,Eau De Parfum Lyra,Perfume,Eudora,75.0,189.9,Sim,161.17,Eudora,Eduardo Pereira,eduardo.pereira232@gmail.com,Masculino,1978-11-26,Belo Horizonte,MG,2023-03-21,Instagram Ads,189.9,161.17,28.73,15.13,189.9,2025-07
V00107,2025-08-01,C0151,P0048,1,CARTÃO DE CRÉDITO,Sérum Preenchedor Biohidratante,Skincare,Natura,30.0,158.0,Sim,55.25,Natura,Eduardo Santos,eduardo.santos243@gmail.com,Masculino,2016-04-23,Niterói,RJ,2024-01-03,Indicação,158.0,55.25,102.75,65.03,158.0,2025-08
V00108,2025-03-20,C0077,P0064,4,CARTÃO DE CRÉDITO,Shampoo Match Patrulha Do Frizz,Cabelo,O Boticário,250.0,42.9,Sim,41.7,O Boticário,André Santos,andré.santos142@gmail.com,Masculino,1985-09-30,Belo Horizonte,MG,2024-01-28,E-Mail Marketing,171.6,166.8,4.8,2.8,171.6,2025-03
V00109,2025-09-04,C0146,P0069,5,PIX,Hidratante Labial Bepantol,Skincare,Bayer,4.5,39.9,Sim,13.78,Bayer,Bruno Pereira,bruno.pereira544@gmail.com,Masculino,2015-10-10,Niterói,RJ,2023-07-04,Google Ads,199.5,68.9,130.6,65.46,199.5,2025-09
V00110,2025-12-06,C0099,P0071,5,BOLETO,Effaclar Gel De Limpeza,Skincare,La Roche-Posay,150.0,89.9,Sim,66.48,La Roche-Posay,André Silva,andré.silva530@gmail.com,Masculino,1972-09-06,Curitiba,PR,2023-09-05,E-Mail Marketing,449.5,332.4,117.1,26.05,449.5,2025-12
V00111,2025-03-22,C0129,P0078,2,BOLETO,Espuma De Limpeza Facial,Skincare,Natura,150.0,82.0,Sim,12.25,Natura,Camila Lima,camila.lima902@email.com,Feminino,1975-11-23,Uberlândia,MG,2023-01-30,E-Mail Marketing,164.0,24.5,139.5,85.06,164.0,2025-03
V00112,2025-02-24,C0026,P0022,3,PIX,Nativa Spa Ameixa,Loção Hidratante,O Boticário,400.0,74.9,Sim,54.49,O Boticário,Paula Costa,paula.costa409@email.com,Feminino,2004-04-21,Campinas,SP,2024-06-13,Facebook Ads,224.7,163.47,61.23,27.25,224.7,2025-02
V00113,2025-03-19,C0088,P0045,2,BOLETO,Sabonete Líquido Nativa Spa,Sabonete,O Boticário,200.0,49.9,Sim,12.68,O Boticário,Ana Ribeiro,ana.ribeiro157@email.com,Feminino,1976-04-29,Curitiba,PR,2024-04-29,E-Mail Marketing,99.8,25.36,74.44,74.59,99.8,2025-03
V00114,2025-09-01,C0102,P0057,5,PIX,Coffee Man Duo,Perfume,O Boticário,100.0,194.9,Sim,48.18,O Boticário,Eduardo Gomes,eduardo.gomes544@gmail.com,Masculino,2003-03-05,Campinas,SP,2024-07-17,Instagram Ads,974.5,240.9,733.6,75.28,974.5,2025-09
V00115,2025-10-11,C0070,P0054,1,PIX,Hidratante Facial Hydra Gel,Skincare,Beyoung,50.0,89.9,Sim,19.64,Beyoung,Ana Pereira,ana.pereira487@email.com,Feminino,2005-11-10,Rio de Janeiro,RJ,2024-02-29,E-Mail Marketing,89.9,19.64,70.26,78.15,89.9,2025-10
V00116,2025-08-22,C0092,P0074,4,BOLETO,Sabonete Líquido Dermotivin,Skincare,Galderma,300.0,105.0,Sim,86.16,Galderma,Leonardo Ribeiro,leonardo.ribeiro825@gmail.com,Masculino,2015-10-10,Rio de Janeiro,RJ,2023-02-12,Instagram Ads,420.0,344.64,75.36,17.94,420.0,2025-08
V00117,2025-03-18,C0048,P0059,4,BOLETO,Óleo Em Calda Nativa Spa,Óleo Corporal,O Boticário,200.0,76.9,Sim,55.59,O Boticário,Camila Costa,camila.costa620@email.com,Feminino,1995-10-06,Curitiba,PR,2023-07-28,E-Mail Marketing,307.6,222.36,85.24,27.71,307.6,2025-03
V00118,2025-11-07,C0098,P0048,5,CARTÃO DE CRÉDITO,Sérum Preenchedor Biohidratante,Skincare,Natura,30.0,158.0,Sim,55.25,Natura,Bruno Lima,bruno.lima218@gmail.com,Masculino,1988-03-06,Campinas,SP,2023-12-15,Instagram Ads,790.0,276.25,513.75,65.03,790.0,2025-11
V00119,2025-10-30,C0205,P0041,5,CARTÃO DE CRÉDITO,Óleo Trifásico Ekos Andiroba,Óleo Corporal,Natura,200.0,79.9,Sim,45.92,Natura,Leonardo Rodrigues,leonardo.rodrigues155@gmail.com,Masculino,1971-02-16,Uberlândia,MG,2024-04-25,Facebook Ads,399.5,229.6,169.9,42.53,399.5,2025-10
V00120,2025-03-26,C0069,P0049,1,CARTÃO DE CRÉDITO,Shampoo Siàge Nutri Rose,Cabelo,Eudora,250.0,45.9,Sim,20.8,Eudora,Rafael Pereira,rafael.pereira689@gmail.com,Masculino,1985-02-26,Porto Alegre,RS,2023-07-23,Google Ads,45.9,20.8,25.1,54.68,45.9,2025-03
V00121,2025-10-11,C0040,P0053,4,BOLETO,Demaquilante Bifásico,Skincare,Natura,150.0,72.0,Sim,59.95,Natura,Ana Gomes,ana.gomes83@email.com,Feminino,1971-02-24,Belo Horizonte,MG,2023-03-11,E-Mail Marketing,288.0,239.8,48.2,16.74,288.0,2025-10
V00122,2025-11-21,C0093,P0073,4,CARTÃO DE CRÉDITO,Mineral 89 Sérum,Skincare,Vichy,50.0,179.9,Sim,126.26,Vichy,Leonardo Rodrigues,leonardo.rodrigues71@gmail.com,Masculino,1966-02-19,Campinas,SP,2024-03-06,Marketplace,719.6,505.04,214.56,29.82,719.6,2025-11
V00123,2025-01-06,C0079,P0052,1,PIX,Desodorante Colônia Kriska Shock,Perfume,Natura,100.0,124.9,Sim,117.01,Natura,Felipe Silva,felipe.silva212@gmail.com,Masculino,1999-12-11,Niterói,RJ,2024-08-21,E-Mail Marketing,124.9,117.01,7.89,6.32,124.9,2025-01
V00124,2025-10-04,C0027,P0041,3,CARTÃO DE CRÉDITO,Óleo Trifásico Ekos Andiroba,Óleo Corporal,Natura,200.0,79.9,Sim,45.92,Natura,Beatriz Pereira,beatriz.pereira66@email.com,Feminino,1966-11-21,Campinas,SP,2024-07-21,Google Ads,239.7,137.76,101.94,42.53,239.7,2025-10
V00125,2025-07-11,C0111,P0071,1,PIX,Effaclar Gel De Limpeza,Skincare,La Roche-Posay,150.0,89.9,Sim,66.48,La Roche-Posay,Diego Ribeiro,diego.ribeiro810@gmail.com,Masculino,2011-11-19,Curitiba,PR,2024-01-25,Facebook Ads,89.9,66.48,23.42,26.05,89.9,2025-07
V00126,2025-07-22,C0132,P0069,5,PIX,Hidratante Labial Bepantol,Skincare,Bayer,4.5,39.9,Sim,13.78,Bayer,André Araujo,andré.araujo280@gmail.com,Masculino,2008-04-15,Niterói,RJ,2024-04-28,Google Ads,199.5,68.9,130.6,65.46,199.5,2025-07
V00127,2025-01-27,C0023,P0041,1,PIX,Óleo Trifásico Ekos Andiroba,Óleo Corporal,Natura,200.0,79.9,Sim,45.92,Natura,Mariana Rodrigues,mariana.rodrigues900@email.com,Feminino,1986-06-26,Porto Alegre,RS,2023-03-01,Google Ads,79.9,45.92,33.98,42.53,79.9,2025-01
V00128,2025-04-06,C0153,P0047,5,BOLETO,Eudora H Acqua,Perfume,Eudora,100.0,154.9,Sim,84.51,Eudora,Carolina Araujo,carolina.araujo509@email.com,Feminino,1985-08-24,Porto Alegre,RS,2023-12-27,Google Ads,774.5,422.55,351.95,45.44,774.5,2025-04
V00129,2025-01-30,C0004,P0051,3,PIX,Kit Presente Celebre Sua Sorte,Kit Presente,O Boticário,,114.9,Não,107.44,O Boticário,Lucas Lima,lucas.lima604@gmail.com,Masculino,1965-08-01,Porto Alegre,RS,2023-06-13,E-Mail Marketing,344.7,322.32,22.38,6.49,344.7,2025-01
V00130,2025-02-02,C0200,P0033,4,CARTÃO DE CRÉDITO,Sabonete Líquido Ekos,Sabonete,Natura,200.0,45.9,Sim,31.77,Natura,Beatriz Alves,beatriz.alves604@email.com,Feminino,2012-01-04,Niterói,RJ,2023-03-22,Facebook Ads,183.6,127.08,56.52,30.78,183.6,2025-02
V00131,2025-09-06,C0147,P0041,5,BOLETO,Óleo Trifásico Ekos Andiroba,Óleo Corporal,Natura,200.0,79.9,Sim,45.92,Natura,Mariana Ribeiro,mariana.ribeiro892@email.com,Feminino,1986-08-10,Niterói,RJ,2024-05-24,Indicação,399.5,229.6,169.9,42.53,399.5,2025-09
V00132,2025-01-25,C0044,P0061,2,CARTÃO DE CRÉDITO,Protetor Solar Fps 60,Skincare,Natura,120.0,69.9,Sim,38.47,Natura,Ana Lima,ana.lima637@email.com,Feminino,1971-07-29,Rio de Janeiro,RJ,2024-07-04,Google Ads,139.8,76.94,62.86,44.96,139.8,2025-01
V00133,2025-11-05,C0069,P0074,3,PIX,Sabonete Líquido Dermotivin,Skincare,Galderma,300.0,105.0,Sim,86.16,Galderma,Rafael Pereira,rafael.pereira689@gmail.com,Masculino,1985-02-26,Porto Alegre,RS,2023-07-23,Google Ads,315.0,258.48,56.52,17.94,315.0,2025-11
V00134,2025-03-06,C0043,P0076,2,PIX,Óleo Bio-Oil,Óleo Corporal,Bio-Oil,60.0,45.0,Sim,24.92,Bio-Oil,Lucas Costa,lucas.costa406@gmail.com,Masculino,1991-12-01,Belo Horizonte,MG,2024-04-13,Instagram Ads,90.0,49.84,40.16,44.62,90.0,2025-03
V00135,2025-03-07,C0077,P0011,3,PIX,Verbena Eau De Toilette,Perfume,L'Occitane En Provence,100.0,459.0,Sim,87.04,L'Occitane En Provence,André Santos,andré.santos142@gmail.com,Masculino,1985-09-30,Belo Horizonte,MG,2024-01-28,E-Mail Marketing,1377.0,261.12,1115.88,81.04,1377.0,2025-03
V00136,2025-01-05,C0065,P0057,1,CARTÃO DE CRÉDITO,Coffee Man Duo,Perfume,O Boticário,100.0,194.9,Sim,48.18,O Boticário,André Oliveira,andré.oliveira197@gmail.com,Masculino,1999-01-06,Niterói,RJ,2023-06-28,Indicação,194.9,48.18,146.72,75.28,194.9,2025-01
V00137,2025-08-31,C0158,P0013,4,CARTÃO DE CRÉDITO,Coffee Woman Seduction,Perfume,O Boticário,100.0,189.9,Sim,64.7,O Boticário,Juliana Pereira,juliana.pereira881@email.com,Feminino,2015-01-01,Niterói,RJ,2024-01-10,Google Orgânico,759.6,258.8,500.8,65.93,759.6,2025-08
V00138,2025-04-20,C0035,P0063,4,PIX,Colônia Mamãe E Bebê,Perfume Infantil,Natura,100.0,84.9,Sim,70.43,Natura,Ana Carvalho,ana.carvalho554@email.com,Feminino,1973-05-15,São Paulo,SP,2023-08-31,Google Ads,339.6,281.72,57.88,17.04,339.6,2025-04
V00139,2025-02-10,C0086,P0071,1,BOLETO,Effaclar Gel De Limpeza,Skincare,La Roche-Posay,150.0,89.9,Sim,66.48,La Roche-Posay,Marcos Alves,marcos.alves259@gmail.com,Masculino,2007-03-13,Rio de Janeiro,RJ,2023-01-20,E-Mail Marketing,89.9,66.48,23.42,26.05,89.9,2025-02
V00140,2025-12-04,C0113,P0002,4,PIX,Kaiak Oceano,Perfume,Natura,100.0,172.9,Sim,88.29,Natura,Beatriz Carvalho,beatriz.carvalho217@email.com,Feminino,1972-04-14,Porto Alegre,RS,2023-06-10,Google Ads,691.6,353.16,338.44,48.94,691.6,2025-12
V00141,2025-10-28,C0153,P0065,4,CARTÃO DE CRÉDITO,Máscara Capilar Match,Cabelo,O Boticário,250.0,64.9,Sim,46.42,O Boticário,Carolina Araujo,carolina.araujo509@email.com,Feminino,1985-08-24,Porto Alegre,RS,2023-12-27,Google Ads,259.6,185.68,73.92,28.47,259.6,2025-10
V00142,2025-11-25,C0155,P0034,3,BOLETO,Desodorante Clinical,Higiene,Eudora,48.0,34.9,Sim,27.06,Eudora,Carlos Ribeiro,carlos.ribeiro374@gmail.com,Masculino,1973-02-01,Belo Horizonte,MG,2023-10-30,Instagram Ads,104.7,81.18,23.52,22.46,104.7,2025-11
V00143,2025-05-05,C0081,P0057,2,CARTÃO DE CRÉDITO,Coffee Man Duo,Perfume,O Boticário,100.0,194.9,Sim,48.18,O Boticário,Felipe Gomes,felipe.gomes766@gmail.com,Masculino,2008-10-20,Curitiba,PR,2023-08-13,Instagram Ads,389.8,96.36,293.44,75.28,389.8,2025-05
V00144,2025-11-23,C0075,P0074,4,BOLETO,Sabonete Líquido Dermotivin,Skincare,Galderma,300.0,105.0,Sim,86.16,Galderma,Eduardo Costa,eduardo.costa770@gmail.com,Masculino,1989-11-17,Curitiba,PR,2024-06-17,Facebook Ads,420.0,344.64,75.36,17.94,420.0,2025-11
V00145,2025-08-12,C0201,P0006,4,CARTÃO DE CRÉDITO,Floratta Red,Perfume,O Boticário,75.0,149.9,Sim,122.72,O Boticário,Gabriel Rodrigues,gabriel.rodrigues227@gmail.com,Masculino,1980-02-01,Campinas,SP,2023-03-20,Indicação,599.6,490.88,108.72,18.13,599.6,2025-08
V00146,2025-01-21,C0072,P0025,3,PIX,Ekos Castanha,Polpa Hidratante,Natura,400.0,82.9,Sim,63.95,Natura,Mariana Alves,mariana.alves225@email.com,Feminino,2011-06-21,Belo Horizonte,MG,2024-04-20,Google Orgânico,248.7,191.85,56.85,22.86,248.7,2025-01
V00147,2025-04-27,C0145,P0062,3,CARTÃO DE CRÉDITO,Mousse De Banho Lily,Sabonete,O Boticário,150.0,79.9,Sim,63.82,O Boticário,Carlos Silva,carlos.silva333@gmail.com,Masculino,1991-04-28,São Paulo,SP,2024-01-03,Instagram Ads,239.7,191.46,48.24,20.13,239.7,2025-04
V00148,2025-07-12,C0047,P0027,5,BOLETO,Lily Creme Acetinado,Hidratante,O Boticário,250.0,119.9,Sim,109.0,O Boticário,Leonardo Santos,leonardo.santos962@gmail.com,Masculino,1988-09-23,Belo Horizonte,MG,2023-04-29,Google Orgânico,599.5,545.0,54.5,9.09,599.5,2025-07
V00149,2025-01-28,C0187,P0067,5,PIX,Esfoliante Purificante De Jengibre,Skincare,L'Occitane Au Brésil,50.0,95.0,Sim,147.03,L'Occitane Au Brésil,Camila Araujo,camila.araujo781@email.com,Feminino,1995-06-28,Porto Alegre,RS,2023-12-26,Google Orgânico,475.0,735.15,-260.15,-54.77,475.0,2025-01
V00150,2025-03-24,C0205,P0059,2,PIX,Óleo Em Calda Nativa Spa,Óleo Corporal,O Boticário,200.0,76.9,Sim,55.59,O Boticário,Leonardo Rodrigues,leonardo.rodrigues155@gmail.com,Masculino,1971-02-16,Uberlândia,MG,2024-04-25,Facebook Ads,153.8,111.18,42.62,27.71,153.8,2025-03
V00151,2025-02-23,C0173,P0058,1,PIX,Bálsamo Pós-Barba,Masculino,O Boticário,110.0,59.9,Sim,44.8,O Boticário,André Santos,andré.santos764@gmail.com,Masculino,2007-09-23,Rio de Janeiro,RJ,2024-04-04,Marketplace,59.9,44.8,15.1,25.21,59.9,2025-02
V00152,2025-10-10,C0078,P0039,2,CARTÃO DE CRÉDITO,Kit Instance Frutas Vermelhas,Kit Presente,Eudora,400.0,85.0,Sim,45.56,Eudora,Paula Pereira,paula.pereira66@email.com,Feminino,2001-07-27,Niterói,RJ,2023-12-05,Indicação,170.0,91.12,78.88,46.4,170.0,2025-10
V00153,2025-11-05,C0040,P0051,3,BOLETO,Kit Presente Celebre Sua Sorte,Kit Presente,O Boticário,,114.9,Não,107.44,O Boticário,Ana Gomes,ana.gomes83@email.com,Feminino,1971-02-24,Belo Horizonte,MG,2023-03-11,E-Mail Marketing,344.7,322.32,22.38,6.49,344.7,2025-11
V00154,2025-01-22,C0019,P0063,4,PIX,Colônia Mamãe E Bebê,Perfume Infantil,Natura,100.0,84.9,Sim,70.43,Natura,Daniela Gomes,daniela.gomes769@email.com,Feminino,1995-07-09,Porto Alegre,RS,2023-04-25,Instagram Ads,339.6,281.72,57.88,17.04,339.6,2025-01
V00155,2025-05-05,C0150,P0049,5,PIX,Shampoo Siàge Nutri Rose,Cabelo,Eudora,250.0,45.9,Sim,20.8,Eudora,Leonardo Alves,leonardo.alves707@gmail.com,Masculino,2005-12-26,Porto Alegre,RS,2023-11-06,Google Ads,229.5,104.0,125.5,54.68,229.5,2025-05
V00156,2025-06-02,C0178,P0015,5,PIX,Her Code,Perfume,O Boticário,50.0,209.9,Sim,91.72,O Boticário,Felipe Ribeiro,felipe.ribeiro544@gmail.com,Masculino,2005-09-15,Porto Alegre,RS,2024-06-01,Indicação,1049.5,458.6,590.9,56.3,1049.5,2025-06
V00157,2025-02-07,C0203,P0051,5,PIX,Kit Presente Celebre Sua Sorte,Kit Presente,O Boticário,,114.9,Não,107.44,O Boticário,Juliana Costa,juliana.costa203@email.com,Feminino,1919-01-17,Belo Horizonte,MG,2023-06-06,Marketplace,574.5,537.2,37.3,6.49,574.5,2025-02
V00158,2025-08-31,C0164,P0059,5,CARTÃO DE CRÉDITO,Óleo Em Calda Nativa Spa,Óleo Corporal,O Boticário,200.0,76.9,Sim,55.59,O Boticário,Diego Araujo,diego.araujo745@gmail.com,Masculino,2002-03-22,Belo Horizonte,MG,2023-04-12,Marketplace,384.5,277.95,106.55,27.71,384.5,2025-08
V00159,2025-09-12,C0169,P0049,1,BOLETO,Shampoo Siàge Nutri Rose,Cabelo,Eudora,250.0,45.9,Sim,20.8,Eudora,Carolina Pereira,carolina.pereira71@email.com,Feminino,2017-08-10,Curitiba,PR,2023-08-10,Marketplace,45.9,20.8,25.1,54.68,45.9,2025-09
V00160,2025-06-20,C0166,P0029,3,BOLETO,Sabonete Em Barra Cuide-Se,Sabonete (2 Un),O Boticário,160.0,22.9,Sim,15.54,O Boticário,Eduardo Pereira,eduardo.pereira876@gmail.com,Masculino,1973-11-30,Campinas,SP,2024-01-12,Indicação,68.7,46.62,22.08,32.14,68.7,2025-06
V00161,2025-07-30,C0166,P0045,1,BOLETO,Sabonete Líquido Nativa Spa,Sabonete,O Boticário,200.0,49.9,Sim,12.68,O Boticário,Eduardo Pereira,eduardo.pereira876@gmail.com,Masculino,1973-11-30,Campinas,SP,2024-01-12,Indicação,49.9,12.68,37.22,74.59,49.9,2025-07
V00162,2025-12-06,C0204,P0041,4,PIX,Óleo Trifásico Ekos Andiroba,Óleo Corporal,Natura,200.0,79.9,Sim,45.92,Natura,Juliana Carvalho,juliana.carvalho506@email.com,Feminino,2015-07-30,Uberlândia,MG,2024-08-16,Facebook Ads,319.6,183.68,135.92,42.53,319.6,2025-12
V00163,2025-01-11,C0026,P0001,1,PIX,Essencial Exclusivo,Perfume,Natura,100.0,259.9,Sim,128.87,Natura,Paula Costa,paula.costa409@email.com,Feminino,2004-04-21,Campinas,SP,2024-06-13,Facebook Ads,259.9,128.87,131.03,50.42,259.9,2025-01
V00164,2025-06-06,C0192,P0055,2,BOLETO,Loção Hidratante Mandacaru,Hidratante,L'Occitane Au Brésil,200.0,84.9,Sim,31.41,L'Occitane Au Brésil,Eduardo Ribeiro,eduardo.ribeiro453@gmail.com,Masculino,1989-07-05,Niterói,RJ,2023-08-09,Marketplace,169.8,62.82,106.98,63.0,169.8,2025-06
V00165,2025-08-17,C0177,P0012,5,BOLETO,Nuvem Cuide-Se Bem,Body Splash,O Boticário,200.0,69.9,Sim,49.64,O Boticário,Fernanda Ribeiro,fernanda.ribeiro152@email.com,Feminino,1976-04-28,Rio de Janeiro,RJ,2023-10-09,Indicação,349.5,248.2,101.3,28.98,349.5,2025-08
V00166,2025-04-01,C0096,P0053,2,PIX,Demaquilante Bifásico,Skincare,Natura,150.0,72.0,Sim,59.95,Natura,Gabriel Ribeiro,gabriel.ribeiro275@gmail.com,Masculino,1987-01-10,Campinas,SP,2023-03-30,Instagram Ads,144.0,119.9,24.1,16.74,144.0,2025-04
V00167,2025-11-26,C0151,P0032,4,BOLETO,Manteiga Murumuru,Máscara Capilar,Natura,200.0,68.9,Sim,62.66,Natura,Eduardo Santos,eduardo.santos243@gmail.com,Masculino,2016-04-23,Niterói,RJ,2024-01-03,Indicação,275.6,250.64,24.96,9.06,275.6,2025-11
V00168,2025-06-04,C0089,P0043,5,CARTÃO DE CRÉDITO,Malbec Magnetic,Perfume,O Boticário,100.0,209.9,Sim,68.24,O Boticário,Carolina Pereira,carolina.pereira477@email.com,Feminino,1998-02-04,Porto Alegre,RS,2023-06-21,Indicação,1049.5,341.2,708.3,67.49,1049.5,2025-06
V00169,2025-04-18,C0076,P0064,4,PIX,Shampoo Match Patrulha Do Frizz,Cabelo,O Boticário,250.0,42.9,Sim,41.7,O Boticário,Camila Lima,camila.lima80@email.com,Feminino,1986-01-14,Porto Alegre,RS,2023-10-06,Instagram Ads,171.6,166.8,4.8,2.8,171.6,2025-04
V00170,2025-04-29,C0213,P0066,1,BOLETO,Eau De Parfum Lyra,Perfume,Eudora,75.0,189.9,Sim,161.17,Eudora,Leonardo Ribeiro,leonardo.ribeiro54@gmail.com,Masculino,1970-11-30,Campinas,SP,2023-12-04,Google Orgânico,189.9,161.17,28.73,15.13,189.9,2025-04
V00171,2025-12-23,C0080,P0042,2,PIX,Creme De Mãos Karité,Hidratante,L'Occitane En Provence,30.0,65.0,Não,63.4,L'Occitane En Provence,Carolina Alves,carolina.alves489@email.com,Feminino,1996-07-23,São Paulo,SP,2023-11-02,Marketplace,130.0,126.8,3.2,2.46,130.0,2025-12
V00172,2025-07-31,C0134,P0025,4,PIX,Ekos Castanha,Polpa Hidratante,Natura,400.0,82.9,Sim,63.95,Natura,Mariana Costa,mariana.costa792@email.com,Feminino,1995-06-30,Niterói,RJ,2024-06-03,Instagram Ads,331.6,255.8,75.8,22.86,331.6,2025-07
V00173,2025-05-02,C0025,P0001,3,PIX,Essencial Exclusivo,Perfume,Natura,100.0,259.9,Sim,128.87,Natura,André Oliveira,andré.oliveira272@gmail.com,Masculino,1984-01-02,Niterói,RJ,2024-07-06,Marketplace,779.7,386.61,393.09,50.42,779.7,2025-05
V00174,2025-11-23,C0018,P0069,4,PIX,Hidratante Labial Bepantol,Skincare,Bayer,4.5,39.9,Sim,13.78,Bayer,Diego Lima,diego.lima542@gmail.com,Masculino,2014-08-20,Porto Alegre,RS,2023-01-12,E-Mail Marketing,159.6,55.12,104.48,65.46,159.6,2025-11
V00175,2025-04-28,C0006,P0071,1,PIX,Effaclar Gel De Limpeza,Skincare,La Roche-Posay,150.0,89.9,Sim,66.48,La Roche-Posay,Rafael Rodrigues,rafael.rodrigues868@gmail.com,Masculino,1919-03-01,Campinas,SP,2023-09-28,Marketplace,89.9,66.48,23.42,26.05,89.9,2025-04
V00176,2025-11-24,C0205,P0063,1,CARTÃO DE CRÉDITO,Colônia Mamãe E Bebê,Perfume Infantil,Natura,100.0,84.9,Sim,70.43,Natura,Leonardo Rodrigues,leonardo.rodrigues155@gmail.com,Masculino,1971-02-16,Uberlândia,MG,2024-04-25,Facebook Ads,84.9,70.43,14.47,17.04,84.9,2025-11
V00177,2025-06-12,C0045,P0010,2,BOLETO,Águas De Jabuticaba,Perfume,Natura,150.0,99.9,Sim,25.36,Natura,Bruno Rodrigues,bruno.rodrigues903@gmail.com,Masculino,1986-12-01,Rio de Janeiro,RJ,2024-01-14,Instagram Ads,199.8,50.72,149.08,74.61,199.8,2025-06
V00178,2025-12-05,C0144,P0074,2,PIX,Sabonete Líquido Dermotivin,Skincare,Galderma,300.0,105.0,Sim,86.16,Galderma,Daniela Araujo,daniela.araujo894@email.com,Feminino,2004-10-21,Rio de Janeiro,RJ,2023-06-20,E-Mail Marketing,210.0,172.32,37.68,17.94,210.0,2025-12
V00179,2025-08-26,C0205,P0069,4,PIX,Hidratante Labial Bepantol,Skincare,Bayer,4.5,39.9,Sim,13.78,Bayer,Leonardo Rodrigues,leonardo.rodrigues155@gmail.com,Masculino,1971-02-16,Uberlândia,MG,2024-04-25,Facebook Ads,159.6,55.12,104.48,65.46,159.6,2025-08
V00180,2025-07-10,C0164,P0065,2,BOLETO,Máscara Capilar Match,Cabelo,O Boticário,250.0,64.9,Sim,46.42,O Boticário,Diego Araujo,diego.araujo745@gmail.com,Masculino,2002-03-22,Belo Horizonte,MG,2023-04-12,Marketplace,129.8,92.84,36.96,28.47,129.8,2025-07
V00181,2025-02-10,C0008,P0042,4,BOLETO,Creme De Mãos Karité,Hidratante,L'Occitane En Provence,30.0,65.0,Não,63.4,L'Occitane En Provence,Leonardo Ribeiro,leonardo.ribeiro907@gmail.com,Masculino,2016-10-18,Campinas,SP,2023-07-16,E-Mail Marketing,260.0,253.6,6.4,2.46,260.0,2025-02
V00182,2025-07-22,C0116,P0073,5,BOLETO,Mineral 89 Sérum,Skincare,Vichy,50.0,179.9,Sim,126.26,Vichy,Camila Carvalho,camila.carvalho604@email.com,Feminino,2003-02-21,Curitiba,PR,2023-04-28,Indicação,899.5,631.3,268.2,29.82,899.5,2025-07
V00183,2025-02-03,C0002,P0054,4,BOLETO,Hidratante Facial Hydra Gel,Skincare,Beyoung,50.0,89.9,Sim,19.64,Beyoung,Daniela Araujo,daniela.araujo914@email.com,Feminino,2017-12-23,Rio de Janeiro,RJ,2024-03-08,Google Orgânico,359.6,78.56,281.04,78.15,359.6,2025-02
V00184,2025-07-30,C0072,P0048,2,BOLETO,Sérum Preenchedor Biohidratante,Skincare,Natura,30.0,158.0,Sim,55.25,Natura,Mariana Alves,mariana.alves225@email.com,Feminino,2011-06-21,Belo Horizonte,MG,2024-04-20,Google Orgânico,316.0,110.5,205.5,65.03,316.0,2025-07
V00185,2025-08-14,C0027,P0040,1,BOLETO,Eau De Toilette Capim-Limão,Perfume,L'Occitane Au Brésil,100.0,129.9,Sim,102.63,L'Occitane Au Brésil,Beatriz Pereira,beatriz.pereira66@email.com,Feminino,1966-11-21,Campinas,SP,2024-07-21,Google Ads,129.9,102.63,27.27,20.99,129.9,2025-08
V00186,2025-01-10,C0084,P0042,2,CARTÃO DE CRÉDITO,Creme De Mãos Karité,Hidratante,L'Occitane En Provence,30.0,65.0,Não,63.4,L'Occitane En Provence,Mariana Carvalho,mariana.carvalho439@email.com,Feminino,2006-06-03,Belo Horizonte,MG,2023-07-06,Google Orgânico,130.0,126.8,3.2,2.46,130.0,2025-01
V00187,2025-04-27,C0068,P0011,4,BOLETO,Verbena Eau De Toilette,Perfume,L'Occitane En Provence,100.0,459.0,Sim,87.04,L'Occitane En Provence,Larissa Lima,larissa.lima813@email.com,Feminino,1972-08-10,Belo Horizonte,MG,2023-10-18,Indicação,1836.0,348.16,1487.84,81.04,1836.0,2025-04
V00188,2025-06-24,C0164,P0048,4,PIX,Sérum Preenchedor Biohidratante,Skincare,Natura,30.0,158.0,Sim,55.25,Natura,Diego Araujo,diego.araujo745@gmail.com,Masculino,2002-03-22,Belo Horizonte,MG,2023-04-12,Marketplace,632.0,221.0,411.0,65.03,632.0,2025-06
V00189,2025-02-02,C0157,P0068,5,PIX,Kit Miniaturas Verbena,Kit Presente,L'Occitane En Provence,,145.0,Sim,82.7,L'Occitane En Provence,Camila Lima,camila.lima991@email.com,Feminino,1995-05-23,Porto Alegre,RS,2023-04-28,Facebook Ads,725.0,413.5,311.5,42.97,725.0,2025-02
V00190,2025-04-27,C0090,P0054,5,PIX,Hidratante Facial Hydra Gel,Skincare,Beyoung,50.0,89.9,Sim,19.64,Beyoung,Juliana Costa,juliana.costa111@email.com,Feminino,1992-12-27,São Paulo,SP,2024-08-12,E-Mail Marketing,449.5,98.2,351.3,78.15,449.5,2025-04
V00191,2025-09-24,C0045,P0052,4,BOLETO,Desodorante Colônia Kriska Shock,Perfume,Natura,100.0,124.9,Sim,117.01,Natura,Bruno Rodrigues,bruno.rodrigues903@gmail.com,Masculino,1986-12-01,Rio de Janeiro,RJ,2024-01-14,Instagram Ads,499.6,468.04,31.56,6.32,499.6,2025-09
V00192,2025-09-21,C0152,P0041,3,CARTÃO DE CRÉDITO,Óleo Trifásico Ekos Andiroba,Óleo Corporal,Natura,200.0,79.9,Sim,45.92,Natura,Gabriel Costa,gabriel.costa23@gmail.com,Masculino,1989-08-17,Niterói,RJ,2023-01-09,Indicação,239.7,137.76,101.94,42.53,239.7,2025-09
V00193,2025-11-17,C0031,P0051,2,CARTÃO DE CRÉDITO,Kit Presente Celebre Sua Sorte,Kit Presente,O Boticário,,114.9,Não,107.44,O Boticário,Lucas Santos,lucas.santos100@gmail.com,Masculino,1996-10-14,Niterói,RJ,2024-03-09,Facebook Ads,229.8,214.88,14.92,6.49,229.8,2025-11
V00194,2025-04-30,C0047,P0052,3,PIX,Desodorante Colônia Kriska Shock,Perfume,Natura,100.0,124.9,Sim,117.01,Natura,Leonardo Santos,leonardo.santos962@gmail.com,Masculino,1988-09-23,Belo Horizonte,MG,2023-04-29,Google Orgânico,374.7,351.03,23.67,6.32,374.7,2025-04
V00195,2025-06-07,C0100,P0065,2,PIX,Máscara Capilar Match,Cabelo,O Boticário,250.0,64.9,Sim,46.42,O Boticário,Eduardo Gomes,eduardo.gomes777@gmail.com,Masculino,2007-09-18,Curitiba,PR,2024-05-17,Facebook Ads,129.8,92.84,36.96,28.47,129.8,2025-06
V00196,2025-05-22,C0148,P0056,5,PIX,Sabonete Em Barra Erva Doce,Sabonete (3Un),Natura,270.0,24.9,Sim,10.93,Natura,Beatriz Lima,beatriz.lima654@email.com,Feminino,2006-03-26,Porto Alegre,RS,2023-09-19,E-Mail Marketing,124.5,54.65,69.85,56.1,124.5,2025-05
V00197,2025-07-10,C0125,P0057,4,BOLETO,Coffee Man Duo,Perfume,O Boticário,100.0,194.9,Sim,48.18,O Boticário,Marcos Carvalho,marcos.carvalho968@gmail.com,Masculino,2014-05-09,Niterói,RJ,2023-02-07,Facebook Ads,779.6,192.72,586.88,75.28,779.6,2025-07
V00198,2025-10-22,C0045,P0045,5,BOLETO,Sabonete Líquido Nativa Spa,Sabonete,O Boticário,200.0,49.9,Sim,12.68,O Boticário,Bruno Rodrigues,bruno.rodrigues903@gmail.com,Masculino,1986-12-01,Rio de Janeiro,RJ,2024-01-14,Instagram Ads,249.5,63.4,186.1,74.59,249.5,2025-10
V00199,2025-05-16,C0074,P0072,2,CARTÃO DE CRÉDITO,Protetor Anthelios Fps 60,Skincare,La Roche-Posay,40.0,94.0,Sim,77.76,La Roche-Posay,Eduardo Ribeiro,eduardo.ribeiro835@gmail.com,Masculino,2014-02-25,Niterói,RJ,2024-04-01,Google Ads,188.0,155.52,32.48,17.28,188.0,2025-05
V00200,2025-11-19,C0216,P0048,2,PIX,Sérum Preenchedor Biohidratante,Skincare,Natura,30.0,158.0,Sim,55.25,Natura,Leonardo Rodrigues,leonardo.rodrigues833@gmail.com,Masculino,2012-03-23,Belo Horizonte,MG,2023-04-06,E-Mail Marketing,316.0,110.5,205.5,65.03,316.0,2025-11
V00201,2025-02-24,C0092,P0058,5,CARTÃO DE CRÉDITO,Bálsamo Pós-Barba,Masculino,O Boticário,110.0,59.9,Sim,44.8,O Boticário,Leonardo Ribeiro,leonardo.ribeiro825@gmail.com,Masculino,2015-10-10,Rio de Janeiro,RJ,2023-02-12,Instagram Ads,299.5,224.0,75.5,25.21,299.5,2025-02
V00202,2025-05-20,C0050,P0049,4,PIX,Shampoo Siàge Nutri Rose,Cabelo,Eudora,250.0,45.9,Sim,20.8,Eudora,Carlos Silva,carlos.silva342@gmail.com,Masculino,1988-07-02,Belo Horizonte,MG,2023-06-15,E-Mail Marketing,183.6,83.2,100.4,54.68,183.6,2025-05
V00203,2025-06-01,C0168,P0054,5,PIX,Hidratante Facial Hydra Gel,Skincare,Beyoung,50.0,89.9,Sim,19.64,Beyoung,Daniela Carvalho,daniela.carvalho612@email.com,Feminino,1969-07-16,São Paulo,SP,2023-12-08,Google Ads,449.5,98.2,351.3,78.15,449.5,2025-06
V00204,2025-05-18,C0107,P0045,4,BOLETO,Sabonete Líquido Nativa Spa,Sabonete,O Boticário,200.0,49.9,Sim,12.68,O Boticário,Ana Gomes,ana.gomes300@email.com,Feminino,2009-01-15,Belo Horizonte,MG,2023-04-16,Marketplace,199.6,50.72,148.88,74.59,199.6,2025-05
V00205,2025-05-15,C0043,P0080,4,CARTÃO DE CRÉDITO,Óleo De Amêndoas Com Baunilha,Óleo Corporal,Paixão,200.0,22.5,Sim,7.9,Paixão,Lucas Costa,lucas.costa406@gmail.com,Masculino,1991-12-01,Belo Horizonte,MG,2024-04-13,Instagram Ads,90.0,31.6,58.4,64.89,90.0,2025-05
V00206,2025-02-01,C0204,P0052,5,CARTÃO DE CRÉDITO,Desodorante Colônia Kriska Shock,Perfume,Natura,100.0,124.9,Sim,117.01,Natura,Juliana Carvalho,juliana.carvalho506@email.com,Feminino,2015-07-30,Uberlândia,MG,2024-08-16,Facebook Ads,624.5,585.05,39.45,6.32,624.5,2025-02
V00207,2025-02-03,C0071,P0074,3,CARTÃO DE CRÉDITO,Sabonete Líquido Dermotivin,Skincare,Galderma,300.0,105.0,Sim,86.16,Galderma,Paula Araujo,paula.araujo394@email.com,Feminino,2000-11-08,Uberlândia,MG,2023-09-07,Google Ads,315.0,258.48,56.52,17.94,315.0,2025-02
V00208,2025-10-23,C0044,P0046,5,PIX,Luna Absoluta,Perfume,Natura,75.0,179.9,Não,36.48,Natura,Ana Lima,ana.lima637@email.com,Feminino,1971-07-29,Rio de Janeiro,RJ,2024-07-04,Google Ads,899.5,182.4,717.1,79.72,899.5,2025-10
V00209,2025-05-22,C0141,P0048,5,BOLETO,Sérum Preenchedor Biohidratante,Skincare,Natura,30.0,158.0,Sim,55.25,Natura,Thiago Ribeiro,thiago.ribeiro710@gmail.com,Masculino,1972-03-16,Niterói,RJ,2023-12-03,Marketplace,790.0,276.25,513.75,65.03,790.0,2025-05
V00210,2025-08-09,C0030,P0004,1,PIX,Lily Eau De Parfum,Perfume,O Boticário,75.0,299.9,Sim,99.13,O Boticário,Paula Ribeiro,paula.ribeiro591@email.com,Feminino,1986-10-20,Uberlândia,MG,2024-04-29,Marketplace,299.9,99.13,200.77,66.95,299.9,2025-08
V00211,2025-01-11,C0139,P0070,5,CARTÃO DE CRÉDITO,Água Micelar,Skincare,L'Oréal Paris,200.0,34.9,Sim,11.6,L'Oréal Paris,Juliana Gomes,juliana.gomes989@email.com,Feminino,1974-01-02,Campinas,SP,2024-03-26,Google Orgânico,174.5,58.0,116.5,66.76,174.5,2025-01
V00212,2025-07-13,C0056,P0046,4,PIX,Luna Absoluta,Perfume,Natura,75.0,179.9,Não,36.48,Natura,Camila Oliveira,camila.oliveira807@email.com,Feminino,1999-04-28,Rio de Janeiro,RJ,2023-02-09,Marketplace,719.6,145.92,573.68,79.72,719.6,2025-07
V00213,2025-10-31,C0193,P0058,1,CARTÃO DE CRÉDITO,Bálsamo Pós-Barba,Masculino,O Boticário,110.0,59.9,Sim,44.8,O Boticário,Fernanda Alves,fernanda.alves114@email.com,Feminino,2018-03-19,Porto Alegre,RS,2024-05-13,Indicação,59.9,44.8,15.1,25.21,59.9,2025-10
V00214,2025-02-03,C0116,P0041,3,PIX,Óleo Trifásico Ekos Andiroba,Óleo Corporal,Natura,200.0,79.9,Sim,45.92,Natura,Camila Carvalho,camila.carvalho604@email.com,Feminino,2003-02-21,Curitiba,PR,2023-04-28,Indicação,239.7,137.76,101.94,42.53,239.7,2025-02
V00215,2025-03-31,C0113,P0074,3,CARTÃO DE CRÉDITO,Sabonete Líquido Dermotivin,Skincare,Galderma,300.0,105.0,Sim,86.16,Galderma,Beatriz Carvalho,beatriz.carvalho217@email.com,Feminino,1972-04-14,Porto Alegre,RS,2023-06-10,Google Ads,315.0,258.48,56.52,17.94,315.0,2025-03
V00216,2025-08-03,C0208,P0074,2,BOLETO,Sabonete Líquido Dermotivin,Skincare,Galderma,300.0,105.0,Sim,86.16,Galderma,Carolina Ribeiro,carolina.ribeiro520@email.com,Feminino,2006-07-07,Niterói,RJ,2024-08-17,Indicação,210.0,172.32,37.68,17.94,210.0,2025-08
V00217,2025-12-26,C0182,P0070,5,BOLETO,Água Micelar,Skincare,L'Oréal Paris,200.0,34.9,Sim,11.6,L'Oréal Paris,Mariana Alves,mariana.alves99@email.com,Feminino,1976-09-03,Campinas,SP,2024-07-23,Google Orgânico,174.5,58.0,116.5,66.76,174.5,2025-12
V00218,2025-06-19,C0158,P0025,4,CARTÃO DE CRÉDITO,Ekos Castanha,Polpa Hidratante,Natura,400.0,82.9,Sim,63.95,Natura,Juliana Pereira,juliana.pereira881@email.com,Feminino,2015-01-01,Niterói,RJ,2024-01-10,Google Orgânico,331.6,255.8,75.8,22.86,331.6,2025-06
V00219,2025-07-31,C0207,P0055,2,CARTÃO DE CRÉDITO,Loção Hidratante Mandacaru,Hidratante,L'Occitane Au Brésil,200.0,84.9,Sim,31.41,L'Occitane Au Brésil,Eduardo Silva,eduardo.silva59@gmail.com,Masculino,1990-10-03,Campinas,SP,2023-03-20,E-Mail Marketing,169.8,62.82,106.98,63.0,169.8,2025-07
V00220,2025-12-26,C0137,P0036,5,PIX,Base Fluid Fps 60,Maquiagem,Natura,30.0,109.9,Sim,21.15,Natura,Paula Pereira,paula.pereira586@email.com,Feminino,1985-12-15,Niterói,RJ,2024-02-25,Google Orgânico,549.5,105.75,443.75,80.76,549.5,2025-12
V00221,2025-07-05,C0044,P0049,5,PIX,Shampoo Siàge Nutri Rose,Cabelo,Eudora,250.0,45.9,Sim,20.8,Eudora,Ana Lima,ana.lima637@email.com,Feminino,1971-07-29,Rio de Janeiro,RJ,2024-07-04,Google Ads,229.5,104.0,125.5,54.68,229.5,2025-07
V00222,2025-10-24,C0147,P0037,3,PIX,Sérum Facial Antioxidante Vitamin C,Skincare,Natura,15.0,164.9,Sim,155.82,Natura,Mariana Ribeiro,mariana.ribeiro892@email.com,Feminino,1986-08-10,Niterói,RJ,2024-05-24,Indicação,494.7,467.46,27.24,5.51,494.7,2025-10
V00223,2025-11-26,C0209,P0036,5,CARTÃO DE CRÉDITO,Base Fluid Fps 60,Maquiagem,Natura,30.0,109.9,Sim,21.15,Natura,Renata Ribeiro,renata.ribeiro668@email.com,Feminino,1993-11-05,Curitiba,PR,2024-05-02,Indicação,549.5,105.75,443.75,80.76,549.5,2025-11
V00224,2025-02-26,C0016,P0035,2,PIX,Batom Matte Tint,Maquiagem,Eudora,4.0,49.9,Sim,20.85,Eudora,Diego Alves,diego.alves371@gmail.com,Masculino,1977-05-30,Curitiba,PR,2024-06-05,Facebook Ads,99.8,41.7,58.1,58.22,99.8,2025-02
V00225,2025-05-16,C0064,P0049,2,CARTÃO DE CRÉDITO,Shampoo Siàge Nutri Rose,Cabelo,Eudora,250.0,45.9,Sim,20.8,Eudora,André Costa,andré.costa683@gmail.com,Masculino,1994-04-07,Niterói,RJ,2024-02-17,E-Mail Marketing,91.8,41.6,50.2,54.68,91.8,2025-05
V00226,2025-09-11,C0195,P0066,3,BOLETO,Eau De Parfum Lyra,Perfume,Eudora,75.0,189.9,Sim,161.17,Eudora,Juliana Costa,juliana.costa297@email.com,Feminino,1975-10-07,Campinas,SP,2023-01-08,Facebook Ads,569.7,483.51,86.19,15.13,569.7,2025-09
V00227,2025-05-16,C0037,P0064,4,BOLETO,Shampoo Match Patrulha Do Frizz,Cabelo,O Boticário,250.0,42.9,Sim,41.7,O Boticário,Patricia Costa,patricia.costa949@email.com,Feminino,1990-08-05,Uberlândia,MG,2024-03-09,E-Mail Marketing,171.6,166.8,4.8,2.8,171.6,2025-05
V00228,2025-10-04,C0107,P0076,3,PIX,Óleo Bio-Oil,Óleo Corporal,Bio-Oil,60.0,45.0,Sim,24.92,Bio-Oil,Ana Gomes,ana.gomes300@email.com,Feminino,2009-01-15,Belo Horizonte,MG,2023-04-16,Marketplace,135.0,74.76,60.24,44.62,135.0,2025-10
V00229,2025-03-19,C0163,P0054,4,CARTÃO DE CRÉDITO,Hidratante Facial Hydra Gel,Skincare,Beyoung,50.0,89.9,Sim,19.64,Beyoung,Rafael Santos,rafael.santos241@gmail.com,Masculino,1999-11-14,Belo Horizonte,MG,2024-04-09,Instagram Ads,359.6,78.56,281.04,78.15,359.6,2025-03
V00230,2025-06-11,C0192,P0004,4,PIX,Lily Eau De Parfum,Perfume,O Boticário,75.0,299.9,Sim,99.13,O Boticário,Eduardo Ribeiro,eduardo.ribeiro453@gmail.com,Masculino,1989-07-05,Niterói,RJ,2023-08-09,Marketplace,1199.6,396.52,803.08,66.95,1199.6,2025-06
V00231,2025-04-10,C0125,P0044,3,PIX,Glow Primer Professional,Maquiagem,Beyoung,30.0,119.9,Sim,112.2,Beyoung,Marcos Carvalho,marcos.carvalho968@gmail.com,Masculino,2014-05-09,Niterói,RJ,2023-02-07,Facebook Ads,359.7,336.6,23.1,6.42,359.7,2025-04
V00232,2025-01-03,C0199,P0009,5,BOLETO,Cereja E Avelã,Body Splash,Natura,200.0,74.9,Sim,35.12,Natura,Carlos Rodrigues,carlos.rodrigues176@gmail.com,Masculino,1997-06-19,Uberlândia,MG,2023-04-01,Facebook Ads,374.5,175.6,198.9,53.11,374.5,2025-01
V00233,2025-04-14,C0163,P0051,1,BOLETO,Kit Presente Celebre Sua Sorte,Kit Presente,O Boticário,,114.9,Não,107.44,O Boticário,Rafael Santos,rafael.santos241@gmail.com,Masculino,1999-11-14,Belo Horizonte,MG,2024-04-09,Instagram Ads,114.9,107.44,7.46,6.49,114.9,2025-04
V00234,2025-03-06,C0204,P0004,3,BOLETO,Lily Eau De Parfum,Perfume,O Boticário,75.0,299.9,Sim,99.13,O Boticário,Juliana Carvalho,juliana.carvalho506@email.com,Feminino,2015-07-30,Uberlândia,MG,2024-08-16,Facebook Ads,899.7,297.39,602.31,66.95,899.7,2025-03
V00235,2025-08-12,C0110,P0041,4,CARTÃO DE CRÉDITO,Óleo Trifásico Ekos Andiroba,Óleo Corporal,Natura,200.0,79.9,Sim,45.92,Natura,Juliana Oliveira,juliana.oliveira831@email.com,Feminino,1972-08-23,Porto Alegre,RS,2023-09-12,Google Orgânico,319.6,183.68,135.92,42.53,319.6,2025-08
V00236,2025-10-02,C0083,P0006,4,PIX,Floratta Red,Perfume,O Boticário,75.0,149.9,Sim,122.72,O Boticário,Bruno Ribeiro,bruno.ribeiro547@gmail.com,Masculino,2000-05-08,São Paulo,SP,2024-07-31,E-Mail Marketing,599.6,490.88,108.72,18.13,599.6,2025-10
V00237,2025-07-14,C0148,P0049,3,CARTÃO DE CRÉDITO,Shampoo Siàge Nutri Rose,Cabelo,Eudora,250.0,45.9,Sim,20.8,Eudora,Beatriz Lima,beatriz.lima654@email.com,Feminino,2006-03-26,Porto Alegre,RS,2023-09-19,E-Mail Marketing,137.7,62.4,75.3,54.68,137.7,2025-07
V00238,2025-05-11,C0202,P0012,5,PIX,Nuvem Cuide-Se Bem,Body Splash,O Boticário,200.0,69.9,Sim,49.64,O Boticário,Larissa Gomes,larissa.gomes199@email.com,Feminino,1996-07-01,Campinas,SP,2023-06-01,Google Ads,349.5,248.2,101.3,28.98,349.5,2025-05
V00239,2025-02-17,C0026,P0057,1,BOLETO,Coffee Man Duo,Perfume,O Boticário,100.0,194.9,Sim,48.18,O Boticário,Paula Costa,paula.costa409@email.com,Feminino,2004-04-21,Campinas,SP,2024-06-13,Facebook Ads,194.9,48.18,146.72,75.28,194.9,2025-02
V00240,2025-01-17,C0032,P0057,4,CARTÃO DE CRÉDITO,Coffee Man Duo,Perfume,O Boticário,100.0,194.9,Sim,48.18,O Boticário,Gabriel Silva,gabriel.silva690@gmail.com,Masculino,1970-06-10,Rio de Janeiro,RJ,2024-02-17,E-Mail Marketing,779.6,192.72,586.88,75.28,779.6,2025-01
V00241,2025-04-12,C0001,P0075,4,PIX,Creme Antissinais Cicatricure,Skincare,Genomma Lab,50.0,54.9,Sim,26.87,Genomma Lab,Ana Araujo,ana.araujo282@email.com,Feminino,1985-01-10,Curitiba,PR,2023-05-23,E-Mail Marketing,219.6,107.48,112.12,51.06,219.6,2025-04
V00242,2025-05-16,C0167,P0054,2,PIX,Hidratante Facial Hydra Gel,Skincare,Beyoung,50.0,89.9,Sim,19.64,Beyoung,Carlos Alves,carlos.alves283@gmail.com,Masculino,1975-12-17,Curitiba,PR,2024-04-10,Google Orgânico,179.8,39.28,140.52,78.15,179.8,2025-05
V00243,2025-10-08,C0024,P0056,2,BOLETO,Sabonete Em Barra Erva Doce,Sabonete (3Un),Natura,270.0,24.9,Sim,10.93,Natura,Mariana Araujo,mariana.araujo498@email.com,Feminino,2012-10-16,Rio de Janeiro,RJ,2023-05-09,Google Ads,49.8,21.86,27.94,56.1,49.8,2025-10
V00244,2025-09-14,C0022,P0049,3,PIX,Shampoo Siàge Nutri Rose,Cabelo,Eudora,250.0,45.9,Sim,20.8,Eudora,Larissa Gomes,larissa.gomes941@email.com,Feminino,2018-09-26,São Paulo,SP,2023-11-28,Facebook Ads,137.7,62.4,75.3,54.68,137.7,2025-09
V00245,2025-02-23,C0102,P0056,2,BOLETO,Sabonete Em Barra Erva Doce,Sabonete (3Un),Natura,270.0,24.9,Sim,10.93,Natura,Eduardo Gomes,eduardo.gomes544@gmail.com,Masculino,2003-03-05,Campinas,SP,2024-07-17,Instagram Ads,49.8,21.86,27.94,56.1,49.8,2025-02
V00246,2025-08-28,C0110,P0067,3,BOLETO,Esfoliante Purificante De Jengibre,Skincare,L'Occitane Au Brésil,50.0,95.0,Sim,147.03,L'Occitane Au Brésil,Juliana Oliveira,juliana.oliveira831@email.com,Feminino,1972-08-23,Porto Alegre,RS,2023-09-12,Google Orgânico,285.0,441.09,-156.09,-54.77,285.0,2025-08
V00247,2025-04-08,C0001,P0061,1,CARTÃO DE CRÉDITO,Protetor Solar Fps 60,Skincare,Natura,120.0,69.9,Sim,38.47,Natura,Ana Araujo,ana.araujo282@email.com,Feminino,1985-01-10,Curitiba,PR,2023-05-23,E-Mail Marketing,69.9,38.47,31.43,44.96,69.9,2025-04
V00248,2025-03-21,C0034,P0029,4,BOLETO,Sabonete Em Barra Cuide-Se,Sabonete (2 Un),O Boticário,160.0,22.9,Sim,15.54,O Boticário,Bruno Costa,bruno.costa474@gmail.com,Masculino,1971-10-07,Curitiba,PR,2024-03-29,Marketplace,91.6,62.16,29.44,32.14,91.6,2025-03
V00249,2025-06-15,C0175,P0076,2,PIX,Óleo Bio-Oil,Óleo Corporal,Bio-Oil,60.0,45.0,Sim,24.92,Bio-Oil,Paula Carvalho,paula.carvalho534@email.com,Feminino,2006-02-04,Porto Alegre,RS,2023-02-01,Google Orgânico,90.0,49.84,40.16,44.62,90.0,2025-06
V00250,2025-01-09,C0179,P0062,1,PIX,Mousse De Banho Lily,Sabonete,O Boticário,150.0,79.9,Sim,63.82,O Boticário,Rafael Araujo,rafael.araujo118@gmail.com,Masculino,2003-08-02,Curitiba,PR,2024-04-07,Google Ads,79.9,63.82,16.08,20.13,79.9,2025-01
V00251,2025-03-08,C0178,P0066,1,CARTÃO DE CRÉDITO,Eau De Parfum Lyra,Perfume,Eudora,75.0,189.9,Sim,161.17,Eudora,Felipe Ribeiro,felipe.ribeiro544@gmail.com,Masculino,2005-09-15,Porto Alegre,RS,2024-06-01,Indicação,189.9,161.17,28.73,15.13,189.9,2025-03
V00252,2025-03-14,C0059,P0033,4,PIX,Sabonete Líquido Ekos,Sabonete,Natura,200.0,45.9,Sim,31.77,Natura,Camila Rodrigues,camila.rodrigues657@email.com,Feminino,2013-02-08,Niterói,RJ,2023-12-06,Google Orgânico,183.6,127.08,56.52,30.78,183.6,2025-03
V00253,2025-04-15,C0027,P0063,1,PIX,Colônia Mamãe E Bebê,Perfume Infantil,Natura,100.0,84.9,Sim,70.43,Natura,Beatriz Pereira,beatriz.pereira66@email.com,Feminino,1966-11-21,Campinas,SP,2024-07-21,Google Ads,84.9,70.43,14.47,17.04,84.9,2025-04
V00254,2025-11-03,C0036,P0058,3,PIX,Bálsamo Pós-Barba,Masculino,O Boticário,110.0,59.9,Sim,44.8,O Boticário,Eduardo Lima,eduardo.lima219@gmail.com,Masculino,1970-04-06,Niterói,RJ,2023-06-18,Facebook Ads,179.7,134.4,45.3,25.21,179.7,2025-11
V00255,2025-10-18,C0174,P0011,2,CARTÃO DE CRÉDITO,Verbena Eau De Toilette,Perfume,L'Occitane En Provence,100.0,459.0,Sim,87.04,L'Occitane En Provence,André Ribeiro,andré.ribeiro112@gmail.com,Masculino,2010-03-15,Uberlândia,MG,2023-08-15,Indicação,918.0,174.08,743.92,81.04,918.0,2025-10
V00256,2025-06-27,C0145,P0026,1,CARTÃO DE CRÉDITO,Terra De Flor De Sal,Sabonete Líquido,L'Occitane Au Brésil,250.0,64.9,Sim,37.59,L'Occitane Au Brésil,Carlos Silva,carlos.silva333@gmail.com,Masculino,1991-04-28,São Paulo,SP,2024-01-03,Instagram Ads,64.9,37.59,27.31,42.08,64.9,2025-06
V00257,2025-10-27,C0043,P0067,5,PIX,Esfoliante Purificante De Jengibre,Skincare,L'Occitane Au Brésil,50.0,95.0,Sim,147.03,L'Occitane Au Brésil,Lucas Costa,lucas.costa406@gmail.com,Masculino,1991-12-01,Belo Horizonte,MG,2024-04-13,Instagram Ads,475.0,735.15,-260.15,-54.77,475.0,2025-10
V00258,2025-08-07,C0161,P0062,3,BOLETO,Mousse De Banho Lily,Sabonete,O Boticário,150.0,79.9,Sim,63.82,O Boticário,Carolina Gomes,carolina.gomes336@email.com,Feminino,1970-09-03,Curitiba,PR,2024-04-20,E-Mail Marketing,239.7,191.46,48.24,20.13,239.7,2025-08
V00259,2025-02-26,C0158,P0079,2,BOLETO,Desodorante Roll-On Tododia,Higiene,Natura,70.0,21.9,Não,124.9,Natura,Juliana Pereira,juliana.pereira881@email.com,Feminino,2015-01-01,Niterói,RJ,2024-01-10,Google Orgânico,43.8,249.8,-206.0,-470.32,43.8,2025-02
V00260,2025-08-11,C0023,P0078,4,CARTÃO DE CRÉDITO,Espuma De Limpeza Facial,Skincare,Natura,150.0,82.0,Sim,12.25,Natura,Mariana Rodrigues,mariana.rodrigues900@email.com,Feminino,1986-06-26,Porto Alegre,RS,2023-03-01,Google Ads,328.0,49.0,279.0,85.06,328.0,2025-08
V00261,2025-05-07,C0151,P0049,2,BOLETO,Shampoo Siàge Nutri Rose,Cabelo,Eudora,250.0,45.9,Sim,20.8,Eudora,Eduardo Santos,eduardo.santos243@gmail.com,Masculino,2016-04-23,Niterói,RJ,2024-01-03,Indicação,91.8,41.6,50.2,54.68,91.8,2025-05
V00262,2025-12-26,C0110,P0016,4,PIX,Luna Valentina,Perfume,Natura,75.0,184.9,Sim,60.0,Natura,Juliana Oliveira,juliana.oliveira831@email.com,Feminino,1972-08-23,Porto Alegre,RS,2023-09-12,Google Orgânico,739.6,240.0,499.6,67.55,739.6,2025-12
V00263,2025-09-11,C0071,P0003,2,BOLETO,Malbec Gold,Perfume,O Boticário,100.0,224.9,Sim,166.86,O Boticário,Paula Araujo,paula.araujo394@email.com,Feminino,2000-11-08,Uberlândia,MG,2023-09-07,Google Ads,449.8,333.72,116.08,25.81,449.8,2025-09
V00264,2025-09-12,C0142,P0031,1,BOLETO,Gel Creme Facial Chronos,Hidratante,Natura,40.0,145.8,Sim,132.14,Natura,Thiago Carvalho,thiago.carvalho736@gmail.com,Masculino,2013-07-16,Uberlândia,MG,2023-02-06,Indicação,145.8,132.14,13.66,9.37,145.8,2025-09
V00265,2025-09-14,C0073,P0026,5,BOLETO,Terra De Flor De Sal,Sabonete Líquido,L'Occitane Au Brésil,250.0,64.9,Sim,37.59,L'Occitane Au Brésil,Mariana Lima,mariana.lima137@email.com,Feminino,2012-08-26,Uberlândia,MG,2024-07-26,Indicação,324.5,187.95,136.55,42.08,324.5,2025-09
V00266,2025-11-05,C0078,P0070,1,CARTÃO DE CRÉDITO,Água Micelar,Skincare,L'Oréal Paris,200.0,34.9,Sim,11.6,L'Oréal Paris,Paula Pereira,paula.pereira66@email.com,Feminino,2001-07-27,Niterói,RJ,2023-12-05,Indicação,34.9,11.6,23.3,66.76,34.9,2025-11
V00267,2025-09-13,C0131,P0062,5,CARTÃO DE CRÉDITO,Mousse De Banho Lily,Sabonete,O Boticário,150.0,79.9,Sim,63.82,O Boticário,Mariana Lima,mariana.lima970@email.com,Feminino,1978-10-25,Rio de Janeiro,RJ,2024-05-25,E-Mail Marketing,399.5,319.1,80.4,20.13,399.5,2025-09
V00268,2025-10-30,C0166,P0068,4,CARTÃO DE CRÉDITO,Kit Miniaturas Verbena,Kit Presente,L'Occitane En Provence,,145.0,Sim,82.7,L'Occitane En Provence,Eduardo Pereira,eduardo.pereira876@gmail.com,Masculino,1973-11-30,Campinas,SP,2024-01-12,Indicação,580.0,330.8,249.2,42.97,580.0,2025-10
V00269,2025-05-21,C0099,P0060,2,CARTÃO DE CRÉDITO,Perfume Ilía Secreto,Perfume,Natura,50.0,169.9,Sim,158.29,Natura,André Silva,andré.silva530@gmail.com,Masculino,1972-09-06,Curitiba,PR,2023-09-05,E-Mail Marketing,339.8,316.58,23.22,6.83,339.8,2025-05
V00270,2025-05-26,C0164,P0037,2,BOLETO,Sérum Facial Antioxidante Vitamin C,Skincare,Natura,15.0,164.9,Sim,155.82,Natura,Diego Araujo,diego.araujo745@gmail.com,Masculino,2002-03-22,Belo Horizonte,MG,2023-04-12,Marketplace,329.8,311.64,18.16,5.51,329.8,2025-05
V00271,2025-06-24,C0004,P0011,1,PIX,Verbena Eau De Toilette,Perfume,L'Occitane En Provence,100.0,459.0,Sim,87.04,L'Occitane En Provence,Lucas Lima,lucas.lima604@gmail.com,Masculino,1965-08-01,Porto Alegre,RS,2023-06-13,E-Mail Marketing,459.0,87.04,371.96,81.04,459.0,2025-06
V00272,2025-05-16,C0100,P0046,3,BOLETO,Luna Absoluta,Perfume,Natura,75.0,179.9,Não,36.48,Natura,Eduardo Gomes,eduardo.gomes777@gmail.com,Masculino,2007-09-18,Curitiba,PR,2024-05-17,Facebook Ads,539.7,109.44,430.26,79.72,539.7,2025-05
V00273,2025-01-10,C0140,P0076,4,BOLETO,Óleo Bio-Oil,Óleo Corporal,Bio-Oil,60.0,45.0,Sim,24.92,Bio-Oil,Carlos Araujo,carlos.araujo148@gmail.com,Masculino,1978-11-07,Niterói,RJ,2023-03-18,Facebook Ads,180.0,99.68,80.32,44.62,180.0,2025-01
V00274,2025-04-27,C0198,P0020,2,CARTÃO DE CRÉDITO,Arbo Forest,Perfume,O Boticário,100.0,164.9,Sim,26.68,O Boticário,Fernanda Ribeiro,fernanda.ribeiro440@email.com,Feminino,2002-06-22,Niterói,RJ,2023-10-24,Google Orgânico,329.8,53.36,276.44,83.82,329.8,2025-04
V00275,2025-08-24,C0018,P0055,1,CARTÃO DE CRÉDITO,Loção Hidratante Mandacaru,Hidratante,L'Occitane Au Brésil,200.0,84.9,Sim,31.41,L'Occitane Au Brésil,Diego Lima,diego.lima542@gmail.com,Masculino,2014-08-20,Porto Alegre,RS,2023-01-12,E-Mail Marketing,84.9,31.41,53.49,63.0,84.9,2025-08
V00276,2025-08-09,C0011,P0038,3,CARTÃO DE CRÉDITO,Boticário Men Galbe,Perfume,O Boticário,100.0,139.9,Sim,91.02,O Boticário,Daniela Costa,daniela.costa719@email.com,Feminino,1919-08-26,Rio de Janeiro,RJ,2023-06-25,Indicação,419.7,273.06,146.64,34.94,419.7,2025-08
V00277,2025-06-02,C0074,P0054,4,BOLETO,Hidratante Facial Hydra Gel,Skincare,Beyoung,50.0,89.9,Sim,19.64,Beyoung,Eduardo Ribeiro,eduardo.ribeiro835@gmail.com,Masculino,2014-02-25,Niterói,RJ,2024-04-01,Google Ads,359.6,78.56,281.04,78.15,359.6,2025-06
V00278,2025-03-01,C0109,P0042,5,BOLETO,Creme De Mãos Karité,Hidratante,L'Occitane En Provence,30.0,65.0,Não,63.4,L'Occitane En Provence,Camila Lima,camila.lima117@email.com,Feminino,2000-12-13,Rio de Janeiro,RJ,2024-05-18,Google Orgânico,325.0,317.0,8.0,2.46,325.0,2025-03
V00279,2025-03-26,C0164,P0069,4,BOLETO,Hidratante Labial Bepantol,Skincare,Bayer,4.5,39.9,Sim,13.78,Bayer,Diego Araujo,diego.araujo745@gmail.com,Masculino,2002-03-22,Belo Horizonte,MG,2023-04-12,Marketplace,159.6,55.12,104.48,65.46,159.6,2025-03
V00280,2025-09-22,C0040,P0063,5,PIX,Colônia Mamãe E Bebê,Perfume Infantil,Natura,100.0,84.9,Sim,70.43,Natura,Ana Gomes,ana.gomes83@email.com,Feminino,1971-02-24,Belo Horizonte,MG,2023-03-11,E-Mail Marketing,424.5,352.15,72.35,17.04,424.5,2025-09
V00281,2025-11-14,C0021,P0041,1,BOLETO,Óleo Trifásico Ekos Andiroba,Óleo Corporal,Natura,200.0,79.9,Sim,45.92,Natura,Daniela Costa,daniela.costa862@email.com,Feminino,1978-09-18,Curitiba,PR,2024-01-18,Marketplace,79.9,45.92,33.98,42.53,79.9,2025-11
V00282,2025-06-09,C0138,P0025,2,PIX,Ekos Castanha,Polpa Hidratante,Natura,400.0,82.9,Sim,63.95,Natura,Gabriel Lima,gabriel.lima723@gmail.com,Masculino,1999-08-22,Niterói,RJ,2023-06-05,Facebook Ads,165.8,127.9,37.9,22.86,165.8,2025-06
V00283,2025-08-23,C0163,P0073,4,BOLETO,Mineral 89 Sérum,Skincare,Vichy,50.0,179.9,Sim,126.26,Vichy,Rafael Santos,rafael.santos241@gmail.com,Masculino,1999-11-14,Belo Horizonte,MG,2024-04-09,Instagram Ads,719.6,505.04,214.56,29.82,719.6,2025-08
V00284,2025-11-14,C0179,P0061,1,PIX,Protetor Solar Fps 60,Skincare,Natura,120.0,69.9,Sim,38.47,Natura,Rafael Araujo,rafael.araujo118@gmail.com,Masculino,2003-08-02,Curitiba,PR,2024-04-07,Google Ads,69.9,38.47,31.43,44.96,69.9,2025-11
V00285,2025-03-01,C0063,P0034,2,CARTÃO DE CRÉDITO,Desodorante Clinical,Higiene,Eudora,48.0,34.9,Sim,27.06,Eudora,Fernanda Alves,fernanda.alves72@email.com,Feminino,1993-03-01,Campinas,SP,2023-05-08,E-Mail Marketing,69.8,54.12,15.68,22.46,69.8,2025-03
V00286,2025-04-29,C0117,P0019,4,BOLETO,Zaad Arctic,Perfume,O Boticário,95.0,284.9,Sim,195.96,O Boticário,Daniela Oliveira,daniela.oliveira931@email.com,Feminino,1977-10-05,Porto Alegre,RS,2023-03-15,Google Orgânico,1139.6,783.84,355.76,31.22,1139.6,2025-04
V00287,2025-02-26,C0080,P0057,5,BOLETO,Coffee Man Duo,Perfume,O Boticário,100.0,194.9,Sim,48.18,O Boticário,Carolina Alves,carolina.alves489@email.com,Feminino,1996-07-23,São Paulo,SP,2023-11-02,Marketplace,974.5,240.9,733.6,75.28,974.5,2025-02
V00288,2025-05-03,C0004,P0068,2,BOLETO,Kit Miniaturas Verbena,Kit Presente,L'Occitane En Provence,,145.0,Sim,82.7,L'Occitane En Provence,Lucas Lima,lucas.lima604@gmail.com,Masculino,1965-08-01,Porto Alegre,RS,2023-06-13,E-Mail Marketing,290.0,165.4,124.6,42.97,290.0,2025-05
V00289,2025-01-12,C0042,P0062,2,PIX,Mousse De Banho Lily,Sabonete,O Boticário,150.0,79.9,Sim,63.82,O Boticário,Patricia Carvalho,patricia.carvalho598@email.com,Feminino,1988-05-24,Campinas,SP,2023-07-29,E-Mail Marketing,159.8,127.64,32.16,20.13,159.8,2025-01
V00290,2025-06-19,C0133,P0044,3,BOLETO,Glow Primer Professional,Maquiagem,Beyoung,30.0,119.9,Sim,112.2,Beyoung,André Oliveira,andré.oliveira393@gmail.com,Masculino,2018-10-10,Curitiba,PR,2024-06-04,E-Mail Marketing,359.7,336.6,23.1,6.42,359.7,2025-06
V00291,2025-06-20,C0096,P0039,3,CARTÃO DE CRÉDITO,Kit Instance Frutas Vermelhas,Kit Presente,Eudora,400.0,85.0,Sim,45.56,Eudora,Gabriel Ribeiro,gabriel.ribeiro275@gmail.com,Masculino,1987-01-10,Campinas,SP,2023-03-30,Instagram Ads,255.0,136.68,118.32,46.4,255.0,2025-06
V00292,2025-05-01,C0198,P0067,3,CARTÃO DE CRÉDITO,Esfoliante Purificante De Jengibre,Skincare,L'Occitane Au Brésil,50.0,95.0,Sim,147.03,L'Occitane Au Brésil,Fernanda Ribeiro,fernanda.ribeiro440@email.com,Feminino,2002-06-22,Niterói,RJ,2023-10-24,Google Orgânico,285.0,441.09,-156.09,-54.77,285.0,2025-05
V00293,2025-03-15,C0070,P0001,3,BOLETO,Essencial Exclusivo,Perfume,Natura,100.0,259.9,Sim,128.87,Natura,Ana Pereira,ana.pereira487@email.com,Feminino,2005-11-10,Rio de Janeiro,RJ,2024-02-29,E-Mail Marketing,779.7,386.61,393.09,50.42,779.7,2025-03
V00294,2025-09-27,C0183,P0069,1,BOLETO,Hidratante Labial Bepantol,Skincare,Bayer,4.5,39.9,Sim,13.78,Bayer,Leonardo Santos,leonardo.santos421@gmail.com,Masculino,2002-12-11,Campinas,SP,2023-02-22,Instagram Ads,39.9,13.78,26.12,65.46,39.9,2025-09
V00295,2025-05-23,C0117,P0069,1,BOLETO,Hidratante Labial Bepantol,Skincare,Bayer,4.5,39.9,Sim,13.78,Bayer,Daniela Oliveira,daniela.oliveira931@email.com,Feminino,1977-10-05,Porto Alegre,RS,2023-03-15,Google Orgânico,39.9,13.78,26.12,65.46,39.9,2025-05
V00296,2025-02-26,C0128,P0065,3,BOLETO,Máscara Capilar Match,Cabelo,O Boticário,250.0,64.9,Sim,46.42,O Boticário,Diego Lima,diego.lima641@gmail.com,Masculino,1969-08-19,Uberlândia,MG,2023-07-28,Instagram Ads,194.7,139.26,55.44,28.47,194.7,2025-02
V00297,2025-01-12,C0041,P0035,2,PIX,Batom Matte Tint,Maquiagem,Eudora,4.0,49.9,Sim,20.85,Eudora,Patricia Santos,patricia.santos965@email.com,Feminino,2016-12-09,Curitiba,PR,2023-02-10,Indicação,99.8,41.7,58.1,58.22,99.8,2025-01
V00298,2025-08-10,C0173,P0055,1,BOLETO,Loção Hidratante Mandacaru,Hidratante,L'Occitane Au Brésil,200.0,84.9,Sim,31.41,L'Occitane Au Brésil,André Santos,andré.santos764@gmail.com,Masculino,2007-09-23,Rio de Janeiro,RJ,2024-04-04,Marketplace,84.9,31.41,53.49,63.0,84.9,2025-08
V00299,2025-08-22,C0190,P0078,1,BOLETO,Espuma De Limpeza Facial,Skincare,Natura,150.0,82.0,Sim,12.25,Natura,Bruno Rodrigues,bruno.rodrigues320@gmail.com,Masculino,2015-12-03,Campinas,SP,2023-03-28,Google Orgânico,82.0,12.25,69.75,85.06,82.0,2025-08
V00300,2025-02-15,C0220,P0077,1,CARTÃO DE CRÉDITO,Hidratante Intensivo,Hidratante,Neutrogena,200.0,59.9,Não,19.74,Neutrogena,Bruno Oliveira,bruno.oliveira186@gmail.com,Masculino,2004-04-07,Belo Horizonte,MG,2023-02-14,Facebook Ads,59.9,19.74,40.16,67.05,59.9,2025-02
V00301,2025-02-17,C0121,P0045,2,PIX,Sabonete Líquido Nativa Spa,Sabonete,O Boticário,200.0,49.9,Sim,12.68,O Boticário,Beatriz Carvalho,beatriz.carvalho857@email.com,Feminino,1989-03-07,São Paulo,SP,2024-08-13,Google Orgânico,99.8,25.36,74.44,74.59,99.8,2025-02
V00302,2025-06-03,C0046,P0069,4,CARTÃO DE CRÉDITO,Hidratante Labial Bepantol,Skincare,Bayer,4.5,39.9,Sim,13.78,Bayer,Renata Gomes,renata.gomes721@email.com,Feminino,2012-06-15,Porto Alegre,RS,2023-01-09,E-Mail Marketing,159.6,55.12,104.48,65.46,159.6,2025-06
V00303,2025-11-02,C0108,P0068,5,CARTÃO DE CRÉDITO,Kit Miniaturas Verbena,Kit Presente,L'Occitane En Provence,,145.0,Sim,82.7,L'Occitane En Provence,Carolina Costa,carolina.costa481@email.com,Feminino,2004-07-08,Uberlândia,MG,2023-12-15,Google Ads,725.0,413.5,311.5,42.97,725.0,2025-11
V00304,2025-09-12,C0107,P0073,3,BOLETO,Mineral 89 Sérum,Skincare,Vichy,50.0,179.9,Sim,126.26,Vichy,Ana Gomes,ana.gomes300@email.com,Feminino,2009-01-15,Belo Horizonte,MG,2023-04-16,Marketplace,539.7,378.78,160.92,29.82,539.7,2025-09
V00305,2025-10-05,C0212,P0055,3,CARTÃO DE CRÉDITO,Loção Hidratante Mandacaru,Hidratante,L'Occitane Au Brésil,200.0,84.9,Sim,31.41,L'Occitane Au Brésil,Fernanda Rodrigues,fernanda.rodrigues940@email.com,Feminino,1999-10-04,Porto Alegre,RS,2024-02-23,Marketplace,254.7,94.23,160.47,63.0,254.7,2025-10
V00306,2025-01-17,C0031,P0078,5,BOLETO,Espuma De Limpeza Facial,Skincare,Natura,150.0,82.0,Sim,12.25,Natura,Lucas Santos,lucas.santos100@gmail.com,Masculino,1996-10-14,Niterói,RJ,2024-03-09,Facebook Ads,410.0,61.25,348.75,85.06,410.0,2025-01
V00307,2025-07-03,C0058,P0006,1,BOLETO,Floratta Red,Perfume,O Boticário,75.0,149.9,Sim,122.72,O Boticário,Beatriz Silva,beatriz.silva676@email.com,Feminino,2000-09-30,Curitiba,PR,2023-12-03,Instagram Ads,149.9,122.72,27.18,18.13,149.9,2025-07
V00308,2025-02-15,C0018,P0052,1,PIX,Desodorante Colônia Kriska Shock,Perfume,Natura,100.0,124.9,Sim,117.01,Natura,Diego Lima,diego.lima542@gmail.com,Masculino,2014-08-20,Porto Alegre,RS,2023-01-12,E-Mail Marketing,124.9,117.01,7.89,6.32,124.9,2025-02
V00309,2025-11-15,C0084,P0045,3,CARTÃO DE CRÉDITO,Sabonete Líquido Nativa Spa,Sabonete,O Boticário,200.0,49.9,Sim,12.68,O Boticário,Mariana Carvalho,mariana.carvalho439@email.com,Feminino,2006-06-03,Belo Horizonte,MG,2023-07-06,Google Orgânico,149.7,38.04,111.66,74.59,149.7,2025-11
V00310,2025-04-12,C0003,P0040,5,PIX,Eau De Toilette Capim-Limão,Perfume,L'Occitane Au Brésil,100.0,129.9,Sim,102.63,L'Occitane Au Brésil,Mariana Pereira,mariana.pereira239@email.com,Feminino,2015-05-09,São Paulo,SP,2023-07-23,E-Mail Marketing,649.5,513.15,136.35,20.99,649.5,2025-04
V00311,2025-10-26,C0145,P0030,2,PIX,Kit Siàge Cauterização,Kit Capilar,Eudora,,154.9,Não,116.77,Eudora,Carlos Silva,carlos.silva333@gmail.com,Masculino,1991-04-28,São Paulo,SP,2024-01-03,Instagram Ads,309.8,233.54,76.26,24.62,309.8,2025-10
V00312,2025-09-06,C0119,P0064,5,PIX,Shampoo Match Patrulha Do Frizz,Cabelo,O Boticário,250.0,42.9,Sim,41.7,O Boticário,Gabriel Alves,gabriel.alves966@gmail.com,Masculino,2009-11-25,Porto Alegre,RS,2024-07-06,Facebook Ads,214.5,208.5,6.0,2.8,214.5,2025-09
V00313,2025-05-20,C0198,P0055,5,CARTÃO DE CRÉDITO,Loção Hidratante Mandacaru,Hidratante,L'Occitane Au Brésil,200.0,84.9,Sim,31.41,L'Occitane Au Brésil,Fernanda Ribeiro,fernanda.ribeiro440@email.com,Feminino,2002-06-22,Niterói,RJ,2023-10-24,Google Orgânico,424.5,157.05,267.45,63.0,424.5,2025-05
V00314,2025-09-09,C0039,P0078,5,CARTÃO DE CRÉDITO,Espuma De Limpeza Facial,Skincare,Natura,150.0,82.0,Sim,12.25,Natura,Paula Rodrigues,paula.rodrigues59@email.com,Feminino,2017-05-30,São Paulo,SP,2024-05-03,Indicação,410.0,61.25,348.75,85.06,410.0,2025-09
V00315,2025-01-25,C0060,P0044,4,BOLETO,Glow Primer Professional,Maquiagem,Beyoung,30.0,119.9,Sim,112.2,Beyoung,Camila Oliveira,camila.oliveira595@email.com,Feminino,1968-06-07,Porto Alegre,RS,2023-04-22,Indicação,479.6,448.8,30.8,6.42,479.6,2025-01
V00316,2025-10-13,C0215,P0059,3,BOLETO,Óleo Em Calda Nativa Spa,Óleo Corporal,O Boticário,200.0,76.9,Sim,55.59,O Boticário,Fernanda Costa,fernanda.costa991@email.com,Feminino,1976-07-27,Niterói,RJ,2023-03-28,Instagram Ads,230.7,166.77,63.93,27.71,230.7,2025-10
V00317,2025-12-10,C0001,P0063,1,BOLETO,Colônia Mamãe E Bebê,Perfume Infantil,Natura,100.0,84.9,Sim,70.43,Natura,Ana Araujo,ana.araujo282@email.com,Feminino,1985-01-10,Curitiba,PR,2023-05-23,E-Mail Marketing,84.9,70.43,14.47,17.04,84.9,2025-12
V00318,2025-11-11,C0027,P0065,4,CARTÃO DE CRÉDITO,Máscara Capilar Match,Cabelo,O Boticário,250.0,64.9,Sim,46.42,O Boticário,Beatriz Pereira,beatriz.pereira66@email.com,Feminino,1966-11-21,Campinas,SP,2024-07-21,Google Ads,259.6,185.68,73.92,28.47,259.6,2025-11
V00319,2025-09-01,C0108,P0078,5,PIX,Espuma De Limpeza Facial,Skincare,Natura,150.0,82.0,Sim,12.25,Natura,Carolina Costa,carolina.costa481@email.com,Feminino,2004-07-08,Uberlândia,MG,2023-12-15,Google Ads,410.0,61.25,348.75,85.06,410.0,2025-09
V00320,2025-05-26,C0183,P0046,1,PIX,Luna Absoluta,Perfume,Natura,75.0,179.9,Não,36.48,Natura,Leonardo Santos,leonardo.santos421@gmail.com,Masculino,2002-12-11,Campinas,SP,2023-02-22,Instagram Ads,179.9,36.48,143.42,79.72,179.9,2025-05
V00321,2025-02-14,C0060,P0067,1,BOLETO,Esfoliante Purificante De Jengibre,Skincare,L'Occitane Au Brésil,50.0,95.0,Sim,147.03,L'Occitane Au Brésil,Camila Oliveira,camila.oliveira595@email.com,Feminino,1968-06-07,Porto Alegre,RS,2023-04-22,Indicação,95.0,147.03,-52.03,-54.77,95.0,2025-02
V00322,2025-01-17,C0118,P0050,4,BOLETO,Condicionador Siàge Nutri Rose,Cabelo,Eudora,200.0,49.9,Sim,21.38,Eudora,Camila Ribeiro,camila.ribeiro767@email.com,Feminino,2004-05-26,Porto Alegre,RS,2023-05-08,Facebook Ads,199.6,85.52,114.08,57.15,199.6,2025-01
V00323,2025-08-17,C0025,P0004,1,BOLETO,Lily Eau De Parfum,Perfume,O Boticário,75.0,299.9,Sim,99.13,O Boticário,André Oliveira,andré.oliveira272@gmail.com,Masculino,1984-01-02,Niterói,RJ,2024-07-06,Marketplace,299.9,99.13,200.77,66.95,299.9,2025-08
V00324,2025-10-14,C0210,P0078,2,PIX,Espuma De Limpeza Facial,Skincare,Natura,150.0,82.0,Sim,12.25,Natura,Ana Lima,ana.lima106@email.com,Feminino,1972-07-26,Campinas,SP,2024-05-31,E-Mail Marketing,164.0,24.5,139.5,85.06,164.0,2025-10
V00325,2025-08-29,C0146,P0056,1,CARTÃO DE CRÉDITO,Sabonete Em Barra Erva Doce,Sabonete (3Un),Natura,270.0,24.9,Sim,10.93,Natura,Bruno Pereira,bruno.pereira544@gmail.com,Masculino,2015-10-10,Niterói,RJ,2023-07-04,Google Ads,24.9,10.93,13.97,56.1,24.9,2025-08
V00326,2025-11-09,C0034,P0044,4,CARTÃO DE CRÉDITO,Glow Primer Professional,Maquiagem,Beyoung,30.0,119.9,Sim,112.2,Beyoung,Bruno Costa,bruno.costa474@gmail.com,Masculino,1971-10-07,Curitiba,PR,2024-03-29,Marketplace,479.6,448.8,30.8,6.42,479.6,2025-11
V00327,2025-09-25,C0218,P0056,3,PIX,Sabonete Em Barra Erva Doce,Sabonete (3Un),Natura,270.0,24.9,Sim,10.93,Natura,Eduardo Pereira,eduardo.pereira232@gmail.com,Masculino,1978-11-26,Belo Horizonte,MG,2023-03-21,Instagram Ads,74.7,32.79,41.91,56.1,74.7,2025-09
V00328,2025-12-01,C0082,P0043,4,PIX,Malbec Magnetic,Perfume,O Boticário,100.0,209.9,Sim,68.24,O Boticário,Eduardo Silva,eduardo.silva399@gmail.com,Masculino,2001-04-10,Campinas,SP,2023-06-19,Marketplace,839.6,272.96,566.64,67.49,839.6,2025-12
V00329,2025-08-28,C0020,P0056,3,CARTÃO DE CRÉDITO,Sabonete Em Barra Erva Doce,Sabonete (3Un),Natura,270.0,24.9,Sim,10.93,Natura,Bruno Lima,bruno.lima4@gmail.com,Masculino,2009-11-29,Porto Alegre,RS,2023-07-02,Indicação,74.7,32.79,41.91,56.1,74.7,2025-08
V00330,2025-08-21,C0028,P0055,2,CARTÃO DE CRÉDITO,Loção Hidratante Mandacaru,Hidratante,L'Occitane Au Brésil,200.0,84.9,Sim,31.41,L'Occitane Au Brésil,Ana Santos,ana.santos725@email.com,Feminino,1985-07-16,São Paulo,SP,2023-03-11,Google Orgânico,169.8,62.82,106.98,63.0,169.8,2025-08
V00331,2025-06-18,C0116,P0055,1,PIX,Loção Hidratante Mandacaru,Hidratante,L'Occitane Au Brésil,200.0,84.9,Sim,31.41,L'Occitane Au Brésil,Camila Carvalho,camila.carvalho604@email.com,Feminino,2003-02-21,Curitiba,PR,2023-04-28,Indicação,84.9,31.41,53.49,63.0,84.9,2025-06
V00332,2025-02-21,C0031,P0056,3,BOLETO,Sabonete Em Barra Erva Doce,Sabonete (3Un),Natura,270.0,24.9,Sim,10.93,Natura,Lucas Santos,lucas.santos100@gmail.com,Masculino,1996-10-14,Niterói,RJ,2024-03-09,Facebook Ads,74.7,32.79,41.91,56.1,74.7,2025-02
V00333,2025-08-01,C0116,P0043,3,PIX,Malbec Magnetic,Perfume,O Boticário,100.0,209.9,Sim,68.24,O Boticário,Camila Carvalho,camila.carvalho604@email.com,Feminino,2003-02-21,Curitiba,PR,2023-04-28,Indicação,629.7,204.72,424.98,67.49,629.7,2025-08
V00334,2025-09-29,C0219,P0003,4,CARTÃO DE CRÉDITO,Malbec Gold,Perfume,O Boticário,100.0,224.9,Sim,166.86,O Boticário,Larissa Gomes,larissa.gomes856@email.com,Feminino,1995-03-20,São Paulo,SP,2023-05-15,Indicação,899.6,667.44,232.16,25.81,899.6,2025-09
V00335,2025-06-11,C0207,P0053,1,BOLETO,Demaquilante Bifásico,Skincare,Natura,150.0,72.0,Sim,59.95,Natura,Eduardo Silva,eduardo.silva59@gmail.com,Masculino,1990-10-03,Campinas,SP,2023-03-20,E-Mail Marketing,72.0,59.95,12.05,16.74,72.0,2025-06
V00336,2025-09-09,C0011,P0051,3,CARTÃO DE CRÉDITO,Kit Presente Celebre Sua Sorte,Kit Presente,O Boticário,,114.9,Não,107.44,O Boticário,Daniela Costa,daniela.costa719@email.com,Feminino,1919-08-26,Rio de Janeiro,RJ,2023-06-25,Indicação,344.7,322.32,22.38,6.49,344.7,2025-09
V00337,2025-06-01,C0024,P0065,3,BOLETO,Máscara Capilar Match,Cabelo,O Boticário,250.0,64.9,Sim,46.42,O Boticário,Mariana Araujo,mariana.araujo498@email.com,Feminino,2012-10-16,Rio de Janeiro,RJ,2023-05-09,Google Ads,194.7,139.26,55.44,28.47,194.7,2025-06
V00338,2025-12-31,C0102,P0074,2,BOLETO,Sabonete Líquido Dermotivin,Skincare,Galderma,300.0,105.0,Sim,86.16,Galderma,Eduardo Gomes,eduardo.gomes544@gmail.com,Masculino,2003-03-05,Campinas,SP,2024-07-17,Instagram Ads,210.0,172.32,37.68,17.94,210.0,2025-12
V00339,2025-11-24,C0077,P0054,1,PIX,Hidratante Facial Hydra Gel,Skincare,Beyoung,50.0,89.9,Sim,19.64,Beyoung,André Santos,andré.santos142@gmail.com,Masculino,1985-09-30,Belo Horizonte,MG,2024-01-28,E-Mail Marketing,89.9,19.64,70.26,78.15,89.9,2025-11
V00340,2025-02-01,C0104,P0068,2,PIX,Kit Miniaturas Verbena,Kit Presente,L'Occitane En Provence,,145.0,Sim,82.7,L'Occitane En Provence,Fernanda Santos,fernanda.santos761@email.com,Feminino,1982-03-09,Belo Horizonte,MG,2023-08-10,E-Mail Marketing,290.0,165.4,124.6,42.97,290.0,2025-02
V00341,2025-07-17,C0064,P0040,5,CARTÃO DE CRÉDITO,Eau De Toilette Capim-Limão,Perfume,L'Occitane Au Brésil,100.0,129.9,Sim,102.63,L'Occitane Au Brésil,André Costa,andré.costa683@gmail.com,Masculino,1994-04-07,Niterói,RJ,2024-02-17,E-Mail Marketing,649.5,513.15,136.35,20.99,649.5,2025-07
V00342,2025-04-15,C0206,P0001,4,CARTÃO DE CRÉDITO,Essencial Exclusivo,Perfume,Natura,100.0,259.9,Sim,128.87,Natura,Marcos Ribeiro,marcos.ribeiro58@gmail.com,Masculino,1910-07-08,Campinas,SP,2023-03-17,Instagram Ads,1039.6,515.48,524.12,50.42,1039.6,2025-04
V00343,2025-01-13,C0016,P0041,1,CARTÃO DE CRÉDITO,Óleo Trifásico Ekos Andiroba,Óleo Corporal,Natura,200.0,79.9,Sim,45.92,Natura,Diego Alves,diego.alves371@gmail.com,Masculino,1977-05-30,Curitiba,PR,2024-06-05,Facebook Ads,79.9,45.92,33.98,42.53,79.9,2025-01
V00344,2025-07-22,C0211,P0042,2,PIX,Creme De Mãos Karité,Hidratante,L'Occitane En Provence,30.0,65.0,Não,63.4,L'Occitane En Provence,Ana Pereira,ana.pereira725@email.com,Feminino,2004-06-03,Uberlândia,MG,2024-06-20,Indicação,130.0,126.8,3.2,2.46,130.0,2025-07
V00345,2025-10-07,C0166,P0046,3,CARTÃO DE CRÉDITO,Luna Absoluta,Perfume,Natura,75.0,179.9,Não,36.48,Natura,Eduardo Pereira,eduardo.pereira876@gmail.com,Masculino,1973-11-30,Campinas,SP,2024-01-12,Indicação,539.7,109.44,430.26,79.72,539.7,2025-10
V00346,2025-08-23,C0067,P0071,5,CARTÃO DE CRÉDITO,Effaclar Gel De Limpeza,Skincare,La Roche-Posay,150.0,89.9,Sim,66.48,La Roche-Posay,Diego Ribeiro,diego.ribeiro671@gmail.com,Masculino,2006-09-19,Campinas,SP,2024-03-28,Facebook Ads,449.5,332.4,117.1,26.05,449.5,2025-08
V00347,2025-03-08,C0051,P0021,1,BOLETO,Amêndoas Doces Sève,Óleo Corporal,Natura,200.0,92.9,Sim,76.84,Natura,André Araujo,andré.araujo438@gmail.com,Masculino,1975-01-14,São Paulo,SP,2023-03-19,E-Mail Marketing,92.9,76.84,16.06,17.29,92.9,2025-03
V00348,2025-05-12,C0024,P0077,4,PIX,Hidratante Intensivo,Hidratante,Neutrogena,200.0,59.9,Não,19.74,Neutrogena,Mariana Araujo,mariana.araujo498@email.com,Feminino,2012-10-16,Rio de Janeiro,RJ,2023-05-09,Google Ads,239.6,78.96,160.64,67.05,239.6,2025-05
V00349,2025-02-13,C0119,P0070,1,CARTÃO DE CRÉDITO,Água Micelar,Skincare,L'Oréal Paris,200.0,34.9,Sim,11.6,L'Oréal Paris,Gabriel Alves,gabriel.alves966@gmail.com,Masculino,2009-11-25,Porto Alegre,RS,2024-07-06,Facebook Ads,34.9,11.6,23.3,66.76,34.9,2025-02
V00350,2025-08-10,C0111,P0060,2,BOLETO,Perfume Ilía Secreto,Perfume,Natura,50.0,169.9,Sim,158.29,Natura,Diego Ribeiro,diego.ribeiro810@gmail.com,Masculino,2011-11-19,Curitiba,PR,2024-01-25,Facebook Ads,339.8,316.58,23.22,6.83,339.8,2025-08
V00351,2025-05-23,C0008,P0041,4,PIX,Óleo Trifásico Ekos Andiroba,Óleo Corporal,Natura,200.0,79.9,Sim,45.92,Natura,Leonardo Ribeiro,leonardo.ribeiro907@gmail.com,Masculino,2016-10-18,Campinas,SP,2023-07-16,E-Mail Marketing,319.6,183.68,135.92,42.53,319.6,2025-05
V00352,2025-06-26,C0091,P0073,4,CARTÃO DE CRÉDITO,Mineral 89 Sérum,Skincare,Vichy,50.0,179.9,Sim,126.26,Vichy,Felipe Araujo,felipe.araujo204@gmail.com,Masculino,2018-02-13,Rio de Janeiro,RJ,2023-09-06,Google Orgânico,719.6,505.04,214.56,29.82,719.6,2025-06
V00353,2025-10-09,C0072,P0060,2,PIX,Perfume Ilía Secreto,Perfume,Natura,50.0,169.9,Sim,158.29,Natura,Mariana Alves,mariana.alves225@email.com,Feminino,2011-06-21,Belo Horizonte,MG,2024-04-20,Google Orgânico,339.8,316.58,23.22,6.83,339.8,2025-10
V00354,2025-02-05,C0158,P0073,2,BOLETO,Mineral 89 Sérum,Skincare,Vichy,50.0,179.9,Sim,126.26,Vichy,Juliana Pereira,juliana.pereira881@email.com,Feminino,2015-01-01,Niterói,RJ,2024-01-10,Google Orgânico,359.8,252.52,107.28,29.82,359.8,2025-02
V00355,2025-09-09,C0166,P0049,5,PIX,Shampoo Siàge Nutri Rose,Cabelo,Eudora,250.0,45.9,Sim,20.8,Eudora,Eduardo Pereira,eduardo.pereira876@gmail.com,Masculino,1973-11-30,Campinas,SP,2024-01-12,Indicação,229.5,104.0,125.5,54.68,229.5,2025-09
V00356,2025-02-26,C0141,P0056,4,PIX,Sabonete Em Barra Erva Doce,Sabonete (3Un),Natura,270.0,24.9,Sim,10.93,Natura,Thiago Ribeiro,thiago.ribeiro710@gmail.com,Masculino,1972-03-16,Niterói,RJ,2023-12-03,Marketplace,99.6,43.72,55.88,56.1,99.6,2025-02
V00357,2025-03-31,C0072,P0075,1,PIX,Creme Antissinais Cicatricure,Skincare,Genomma Lab,50.0,54.9,Sim,26.87,Genomma Lab,Mariana Alves,mariana.alves225@email.com,Feminino,2011-06-21,Belo Horizonte,MG,2024-04-20,Google Orgânico,54.9,26.87,28.03,51.06,54.9,2025-03
V00358,2025-03-05,C0052,P0024,2,BOLETO,Combo Niina Secrets,Kit Presente,Eudora,,249.9,Sim,117.97,Eudora,Larissa Silva,larissa.silva855@email.com,Feminino,2017-04-05,Campinas,SP,2024-07-19,Google Ads,499.8,235.94,263.86,52.79,499.8,2025-03
V00359,2025-09-13,C0162,P0056,5,BOLETO,Sabonete Em Barra Erva Doce,Sabonete (3Un),Natura,270.0,24.9,Sim,10.93,Natura,Leonardo Alves,leonardo.alves120@gmail.com,Masculino,1969-01-25,Belo Horizonte,MG,2023-02-08,Instagram Ads,124.5,54.65,69.85,56.1,124.5,2025-09
V00360,2025-01-27,C0201,P0043,1,BOLETO,Malbec Magnetic,Perfume,O Boticário,100.0,209.9,Sim,68.24,O Boticário,Gabriel Rodrigues,gabriel.rodrigues227@gmail.com,Masculino,1980-02-01,Campinas,SP,2023-03-20,Indicação,209.9,68.24,141.66,67.49,209.9,2025-01
V00361,2025-05-06,C0140,P0026,3,PIX,Terra De Flor De Sal,Sabonete Líquido,L'Occitane Au Brésil,250.0,64.9,Sim,37.59,L'Occitane Au Brésil,Carlos Araujo,carlos.araujo148@gmail.com,Masculino,1978-11-07,Niterói,RJ,2023-03-18,Facebook Ads,194.7,112.77,81.93,42.08,194.7,2025-05
V00362,2025-08-02,C0129,P0036,3,PIX,Base Fluid Fps 60,Maquiagem,Natura,30.0,109.9,Sim,21.15,Natura,Camila Lima,camila.lima902@email.com,Feminino,1975-11-23,Uberlândia,MG,2023-01-30,E-Mail Marketing,329.7,63.45,266.25,80.76,329.7,2025-08
V00363,2025-10-04,C0047,P0026,4,CARTÃO DE CRÉDITO,Terra De Flor De Sal,Sabonete Líquido,L'Occitane Au Brésil,250.0,64.9,Sim,37.59,L'Occitane Au Brésil,Leonardo Santos,leonardo.santos962@gmail.com,Masculino,1988-09-23,Belo Horizonte,MG,2023-04-29,Google Orgânico,259.6,150.36,109.24,42.08,259.6,2025-10
V00364,2025-09-03,C0057,P0012,3,CARTÃO DE CRÉDITO,Nuvem Cuide-Se Bem,Body Splash,O Boticário,200.0,69.9,Sim,49.64,O Boticário,Lucas Pereira,lucas.pereira837@gmail.com,Masculino,1996-05-15,Uberlândia,MG,2023-11-09,Marketplace,209.7,148.92,60.78,28.98,209.7,2025-09
V00365,2025-03-01,C0208,P0068,3,PIX,Kit Miniaturas Verbena,Kit Presente,L'Occitane En Provence,,145.0,Sim,82.7,L'Occitane En Provence,Carolina Ribeiro,carolina.ribeiro520@email.com,Feminino,2006-07-07,Niterói,RJ,2024-08-17,Indicação,435.0,248.1,186.9,42.97,435.0,2025-03
V00366,2025-01-02,C0197,P0060,5,BOLETO,Perfume Ilía Secreto,Perfume,Natura,50.0,169.9,Sim,158.29,Natura,Rafael Alves,rafael.alves883@gmail.com,Masculino,2004-02-20,São Paulo,SP,2023-01-20,Facebook Ads,849.5,791.45,58.05,6.83,849.5,2025-01
V00367,2025-06-13,C0026,P0012,2,CARTÃO DE CRÉDITO,Nuvem Cuide-Se Bem,Body Splash,O Boticário,200.0,69.9,Sim,49.64,O Boticário,Paula Costa,paula.costa409@email.com,Feminino,2004-04-21,Campinas,SP,2024-06-13,Facebook Ads,139.8,99.28,40.52,28.98,139.8,2025-06
V00368,2025-09-30,C0137,P0063,2,BOLETO,Colônia Mamãe E Bebê,Perfume Infantil,Natura,100.0,84.9,Sim,70.43,Natura,Paula Pereira,paula.pereira586@email.com,Feminino,1985-12-15,Niterói,RJ,2024-02-25,Google Orgânico,169.8,140.86,28.94,17.04,169.8,2025-09
V00369,2025-08-13,C0148,P0004,1,PIX,Lily Eau De Parfum,Perfume,O Boticário,75.0,299.9,Sim,99.13,O Boticário,Beatriz Lima,beatriz.lima654@email.com,Feminino,2006-03-26,Porto Alegre,RS,2023-09-19,E-Mail Marketing,299.9,99.13,200.77,66.95,299.9,2025-08
V00370,2025-06-27,C0046,P0061,3,CARTÃO DE CRÉDITO,Protetor Solar Fps 60,Skincare,Natura,120.0,69.9,Sim,38.47,Natura,Renata Gomes,renata.gomes721@email.com,Feminino,2012-06-15,Porto Alegre,RS,2023-01-09,E-Mail Marketing,209.7,115.41,94.29,44.96,209.7,2025-06
V00371,2025-11-22,C0207,P0070,5,BOLETO,Água Micelar,Skincare,L'Oréal Paris,200.0,34.9,Sim,11.6,L'Oréal Paris,Eduardo Silva,eduardo.silva59@gmail.com,Masculino,1990-10-03,Campinas,SP,2023-03-20,E-Mail Marketing,174.5,58.0,116.5,66.76,174.5,2025-11
V00372,2025-08-28,C0008,P0047,3,BOLETO,Eudora H Acqua,Perfume,Eudora,100.0,154.9,Sim,84.51,Eudora,Leonardo Ribeiro,leonardo.ribeiro907@gmail.com,Masculino,2016-10-18,Campinas,SP,2023-07-16,E-Mail Marketing,464.7,253.53,211.17,45.44,464.7,2025-08
V00373,2025-08-04,C0145,P0041,3,CARTÃO DE CRÉDITO,Óleo Trifásico Ekos Andiroba,Óleo Corporal,Natura,200.0,79.9,Sim,45.92,Natura,Carlos Silva,carlos.silva333@gmail.com,Masculino,1991-04-28,São Paulo,SP,2024-01-03,Instagram Ads,239.7,137.76,101.94,42.53,239.7,2025-08
V00374,2025-07-12,C0215,P0069,5,PIX,Hidratante Labial Bepantol,Skincare,Bayer,4.5,39.9,Sim,13.78,Bayer,Fernanda Costa,fernanda.costa991@email.com,Feminino,1976-07-27,Niterói,RJ,2023-03-28,Instagram Ads,199.5,68.9,130.6,65.46,199.5,2025-07
V00375,2025-11-13,C0045,P0003,5,PIX,Malbec Gold,Perfume,O Boticário,100.0,224.9,Sim,166.86,O Boticário,Bruno Rodrigues,bruno.rodrigues903@gmail.com,Masculino,1986-12-01,Rio de Janeiro,RJ,2024-01-14,Instagram Ads,1124.5,834.3,290.2,25.81,1124.5,2025-11
V00376,2025-04-03,C0015,P0033,1,CARTÃO DE CRÉDITO,Sabonete Líquido Ekos,Sabonete,Natura,200.0,45.9,Sim,31.77,Natura,Bruno Costa,bruno.costa143@gmail.com,Masculino,2015-05-13,Curitiba,PR,2024-07-05,Instagram Ads,45.9,31.77,14.13,30.78,45.9,2025-04
V00377,2025-08-13,C0006,P0057,5,BOLETO,Coffee Man Duo,Perfume,O Boticário,100.0,194.9,Sim,48.18,O Boticário,Rafael Rodrigues,rafael.rodrigues868@gmail.com,Masculino,1919-03-01,Campinas,SP,2023-09-28,Marketplace,974.5,240.9,733.6,75.28,974.5,2025-08
V00378,2025-01-01,C0085,P0036,4,BOLETO,Base Fluid Fps 60,Maquiagem,Natura,30.0,109.9,Sim,21.15,Natura,Felipe Rodrigues,felipe.rodrigues217@gmail.com,Masculino,1994-04-29,Uberlândia,MG,2023-12-12,Marketplace,439.6,84.6,355.0,80.76,439.6,2025-01
V00379,2025-05-14,C0088,P0055,2,BOLETO,Loção Hidratante Mandacaru,Hidratante,L'Occitane Au Brésil,200.0,84.9,Sim,31.41,L'Occitane Au Brésil,Ana Ribeiro,ana.ribeiro157@email.com,Feminino,1976-04-29,Curitiba,PR,2024-04-29,E-Mail Marketing,169.8,62.82,106.98,63.0,169.8,2025-05
V00380,2025-11-28,C0016,P0067,2,CARTÃO DE CRÉDITO,Esfoliante Purificante De Jengibre,Skincare,L'Occitane Au Brésil,50.0,95.0,Sim,147.03,L'Occitane Au Brésil,Diego Alves,diego.alves371@gmail.com,Masculino,1977-05-30,Curitiba,PR,2024-06-05,Facebook Ads,190.0,294.06,-104.06,-54.77,190.0,2025-11
V00381,2025-08-23,C0181,P0005,2,CARTÃO DE CRÉDITO,Elysée Success,Perfume,O Boticário,50.0,274.9,Sim,153.77,O Boticário,Leonardo Costa,leonardo.costa384@gmail.com,Masculino,2007-07-20,Belo Horizonte,MG,2023-03-10,Google Orgânico,549.8,307.54,242.26,44.06,549.8,2025-08
V00382,2025-06-22,C0094,P0019,1,CARTÃO DE CRÉDITO,Zaad Arctic,Perfume,O Boticário,95.0,284.9,Sim,195.96,O Boticário,Rafael Alves,rafael.alves984@gmail.com,Masculino,2006-03-31,Campinas,SP,2023-06-06,Facebook Ads,284.9,195.96,88.94,31.22,284.9,2025-06
V00383,2025-11-09,C0102,P0048,3,BOLETO,Sérum Preenchedor Biohidratante,Skincare,Natura,30.0,158.0,Sim,55.25,Natura,Eduardo Gomes,eduardo.gomes544@gmail.com,Masculino,2003-03-05,Campinas,SP,2024-07-17,Instagram Ads,474.0,165.75,308.25,65.03,474.0,2025-11
V00384,2025-12-11,C0078,P0053,1,PIX,Demaquilante Bifásico,Skincare,Natura,150.0,72.0,Sim,59.95,Natura,Paula Pereira,paula.pereira66@email.com,Feminino,2001-07-27,Niterói,RJ,2023-12-05,Indicação,72.0,59.95,12.05,16.74,72.0,2025-12
V00385,2025-06-11,C0188,P0065,2,PIX,Máscara Capilar Match,Cabelo,O Boticário,250.0,64.9,Sim,46.42,O Boticário,Juliana Ribeiro,juliana.ribeiro674@email.com,Feminino,1971-03-31,Niterói,RJ,2023-05-26,E-Mail Marketing,129.8,92.84,36.96,28.47,129.8,2025-06
V00386,2025-10-26,C0082,P0049,4,CARTÃO DE CRÉDITO,Shampoo Siàge Nutri Rose,Cabelo,Eudora,250.0,45.9,Sim,20.8,Eudora,Eduardo Silva,eduardo.silva399@gmail.com,Masculino,2001-04-10,Campinas,SP,2023-06-19,Marketplace,183.6,83.2,100.4,54.68,183.6,2025-10
V00387,2025-09-20,C0202,P0050,5,PIX,Condicionador Siàge Nutri Rose,Cabelo,Eudora,200.0,49.9,Sim,21.38,Eudora,Larissa Gomes,larissa.gomes199@email.com,Feminino,1996-07-01,Campinas,SP,2023-06-01,Google Ads,249.5,106.9,142.6,57.15,249.5,2025-09
V00388,2025-11-12,C0151,P0019,2,CARTÃO DE CRÉDITO,Zaad Arctic,Perfume,O Boticário,95.0,284.9,Sim,195.96,O Boticário,Eduardo Santos,eduardo.santos243@gmail.com,Masculino,2016-04-23,Niterói,RJ,2024-01-03,Indicação,569.8,391.92,177.88,31.22,569.8,2025-11
V00389,2025-11-11,C0188,P0054,4,BOLETO,Hidratante Facial Hydra Gel,Skincare,Beyoung,50.0,89.9,Sim,19.64,Beyoung,Juliana Ribeiro,juliana.ribeiro674@email.com,Feminino,1971-03-31,Niterói,RJ,2023-05-26,E-Mail Marketing,359.6,78.56,281.04,78.15,359.6,2025-11
V00390,2025-05-11,C0046,P0021,3,BOLETO,Amêndoas Doces Sève,Óleo Corporal,Natura,200.0,92.9,Sim,76.84,Natura,Renata Gomes,renata.gomes721@email.com,Feminino,2012-06-15,Porto Alegre,RS,2023-01-09,E-Mail Marketing,278.7,230.52,48.18,17.29,278.7,2025-05
V00391,2025-08-09,C0101,P0037,1,BOLETO,Sérum Facial Antioxidante Vitamin C,Skincare,Natura,15.0,164.9,Sim,155.82,Natura,Mariana Costa,mariana.costa227@email.com,Feminino,1986-10-30,Niterói,RJ,2023-11-10,E-Mail Marketing,164.9,155.82,9.08,5.51,164.9,2025-08
V00392,2025-07-06,C0155,P0050,1,PIX,Condicionador Siàge Nutri Rose,Cabelo,Eudora,200.0,49.9,Sim,21.38,Eudora,Carlos Ribeiro,carlos.ribeiro374@gmail.com,Masculino,1973-02-01,Belo Horizonte,MG,2023-10-30,Instagram Ads,49.9,21.38,28.52,57.15,49.9,2025-07
V00393,2025-08-15,C0164,P0073,5,BOLETO,Mineral 89 Sérum,Skincare,Vichy,50.0,179.9,Sim,126.26,Vichy,Diego Araujo,diego.araujo745@gmail.com,Masculino,2002-03-22,Belo Horizonte,MG,2023-04-12,Marketplace,899.5,631.3,268.2,29.82,899.5,2025-08
V00394,2025-05-23,C0037,P0076,1,PIX,Óleo Bio-Oil,Óleo Corporal,Bio-Oil,60.0,45.0,Sim,24.92,Bio-Oil,Patricia Costa,patricia.costa949@email.com,Feminino,1990-08-05,Uberlândia,MG,2024-03-09,E-Mail Marketing,45.0,24.92,20.08,44.62,45.0,2025-05
V00395,2025-09-01,C0089,P0074,1,PIX,Sabonete Líquido Dermotivin,Skincare,Galderma,300.0,105.0,Sim,86.16,Galderma,Carolina Pereira,carolina.pereira477@email.com,Feminino,1998-02-04,Porto Alegre,RS,2023-06-21,Indicação,105.0,86.16,18.84,17.94,105.0,2025-09
V00396,2025-10-13,C0023,P0029,2,BOLETO,Sabonete Em Barra Cuide-Se,Sabonete (2 Un),O Boticário,160.0,22.9,Sim,15.54,O Boticário,Mariana Rodrigues,mariana.rodrigues900@email.com,Feminino,1986-06-26,Porto Alegre,RS,2023-03-01,Google Ads,45.8,31.08,14.72,32.14,45.8,2025-10
V00397,2025-04-02,C0003,P0054,3,PIX,Hidratante Facial Hydra Gel,Skincare,Beyoung,50.0,89.9,Sim,19.64,Beyoung,Mariana Pereira,mariana.pereira239@email.com,Feminino,2015-05-09,São Paulo,SP,2023-07-23,E-Mail Marketing,269.7,58.92,210.78,78.15,269.7,2025-04
V00398,2025-09-13,C0178,P0043,2,CARTÃO DE CRÉDITO,Malbec Magnetic,Perfume,O Boticário,100.0,209.9,Sim,68.24,O Boticário,Felipe Ribeiro,felipe.ribeiro544@gmail.com,Masculino,2005-09-15,Porto Alegre,RS,2024-06-01,Indicação,419.8,136.48,283.32,67.49,419.8,2025-09
V00399,2025-09-20,C0202,P0032,3,CARTÃO DE CRÉDITO,Manteiga Murumuru,Máscara Capilar,Natura,200.0,68.9,Sim,62.66,Natura,Larissa Gomes,larissa.gomes199@email.com,Feminino,1996-07-01,Campinas,SP,2023-06-01,Google Ads,206.7,187.98,18.72,9.06,206.7,2025-09
V00400,2025-02-19,C0099,P0071,1,PIX,Effaclar Gel De Limpeza,Skincare,La Roche-Posay,150.0,89.9,Sim,66.48,La Roche-Posay,André Silva,andré.silva530@gmail.com,Masculino,1972-09-06,Curitiba,PR,2023-09-05,E-Mail Marketing,89.9,66.48,23.42,26.05,89.9,2025-02
V00401,2025-06-20,C0106,P0037,4,PIX,Sérum Facial Antioxidante Vitamin C,Skincare,Natura,15.0,164.9,Sim,155.82,Natura,Fernanda Oliveira,fernanda.oliveira310@email.com,Feminino,2012-12-02,São Paulo,SP,2023-05-10,Instagram Ads,659.6,623.28,36.32,5.51,659.6,2025-06
V00402,2025-12-26,C0140,P0045,4,PIX,Sabonete Líquido Nativa Spa,Sabonete,O Boticário,200.0,49.9,Sim,12.68,O Boticário,Carlos Araujo,carlos.araujo148@gmail.com,Masculino,1978-11-07,Niterói,RJ,2023-03-18,Facebook Ads,199.6,50.72,148.88,74.59,199.6,2025-12
V00403,2025-05-05,C0202,P0022,1,BOLETO,Nativa Spa Ameixa,Loção Hidratante,O Boticário,400.0,74.9,Sim,54.49,O Boticário,Larissa Gomes,larissa.gomes199@email.com,Feminino,1996-07-01,Campinas,SP,2023-06-01,Google Ads,74.9,54.49,20.41,27.25,74.9,2025-05
V00404,2025-06-16,C0116,P0014,2,CARTÃO DE CRÉDITO,La Victorie Intense,Perfume,Eudora,75.0,214.9,Sim,22.11,Eudora,Camila Carvalho,camila.carvalho604@email.com,Feminino,2003-02-21,Curitiba,PR,2023-04-28,Indicação,429.8,44.22,385.58,89.71,429.8,2025-06
V00405,2025-10-29,C0006,P0055,1,PIX,Loção Hidratante Mandacaru,Hidratante,L'Occitane Au Brésil,200.0,84.9,Sim,31.41,L'Occitane Au Brésil,Rafael Rodrigues,rafael.rodrigues868@gmail.com,Masculino,1919-03-01,Campinas,SP,2023-09-28,Marketplace,84.9,31.41,53.49,63.0,84.9,2025-10
V00406,2025-04-18,C0019,P0072,3,PIX,Protetor Anthelios Fps 60,Skincare,La Roche-Posay,40.0,94.0,Sim,77.76,La Roche-Posay,Daniela Gomes,daniela.gomes769@email.com,Feminino,1995-07-09,Porto Alegre,RS,2023-04-25,Instagram Ads,282.0,233.28,48.72,17.28,282.0,2025-04
V00407,2025-01-20,C0042,P0029,2,BOLETO,Sabonete Em Barra Cuide-Se,Sabonete (2 Un),O Boticário,160.0,22.9,Sim,15.54,O Boticário,Patricia Carvalho,patricia.carvalho598@email.com,Feminino,1988-05-24,Campinas,SP,2023-07-29,E-Mail Marketing,45.8,31.08,14.72,32.14,45.8,2025-01
V00408,2025-07-14,C0024,P0013,1,PIX,Coffee Woman Seduction,Perfume,O Boticário,100.0,189.9,Sim,64.7,O Boticário,Mariana Araujo,mariana.araujo498@email.com,Feminino,2012-10-16,Rio de Janeiro,RJ,2023-05-09,Google Ads,189.9,64.7,125.2,65.93,189.9,2025-07
V00409,2025-09-20,C0124,P0075,5,BOLETO,Creme Antissinais Cicatricure,Skincare,Genomma Lab,50.0,54.9,Sim,26.87,Genomma Lab,Thiago Carvalho,thiago.carvalho108@gmail.com,Masculino,1994-08-04,Belo Horizonte,MG,2024-02-26,E-Mail Marketing,274.5,134.35,140.15,51.06,274.5,2025-09
V00410,2025-03-17,C0168,P0022,1,CARTÃO DE CRÉDITO,Nativa Spa Ameixa,Loção Hidratante,O Boticário,400.0,74.9,Sim,54.49,O Boticário,Daniela Carvalho,daniela.carvalho612@email.com,Feminino,1969-07-16,São Paulo,SP,2023-12-08,Google Ads,74.9,54.49,20.41,27.25,74.9,2025-03
V00411,2025-03-20,C0041,P0027,5,CARTÃO DE CRÉDITO,Lily Creme Acetinado,Hidratante,O Boticário,250.0,119.9,Sim,109.0,O Boticário,Patricia Santos,patricia.santos965@email.com,Feminino,2016-12-09,Curitiba,PR,2023-02-10,Indicação,599.5,545.0,54.5,9.09,599.5,2025-03
V00412,2025-12-06,C0053,P0027,1,CARTÃO DE CRÉDITO,Lily Creme Acetinado,Hidratante,O Boticário,250.0,119.9,Sim,109.0,O Boticário,Bruno Silva,bruno.silva316@gmail.com,Masculino,1968-07-31,Campinas,SP,2024-01-02,Google Ads,119.9,109.0,10.9,9.09,119.9,2025-12
V00413,2025-07-21,C0185,P0050,4,BOLETO,Condicionador Siàge Nutri Rose,Cabelo,Eudora,200.0,49.9,Sim,21.38,Eudora,Fernanda Gomes,fernanda.gomes377@email.com,Feminino,1989-12-29,Rio de Janeiro,RJ,2024-08-10,Google Ads,199.6,85.52,114.08,57.15,199.6,2025-07
V00414,2025-09-29,C0170,P0049,5,PIX,Shampoo Siàge Nutri Rose,Cabelo,Eudora,250.0,45.9,Sim,20.8,Eudora,Fernanda Oliveira,fernanda.oliveira808@email.com,Feminino,1989-11-16,São Paulo,SP,2023-05-29,Google Ads,229.5,104.0,125.5,54.68,229.5,2025-09
V00415,2025-09-01,C0025,P0062,3,CARTÃO DE CRÉDITO,Mousse De Banho Lily,Sabonete,O Boticário,150.0,79.9,Sim,63.82,O Boticário,André Oliveira,andré.oliveira272@gmail.com,Masculino,1984-01-02,Niterói,RJ,2024-07-06,Marketplace,239.7,191.46,48.24,20.13,239.7,2025-09
V00416,2025-08-08,C0141,P0060,4,PIX,Perfume Ilía Secreto,Perfume,Natura,50.0,169.9,Sim,158.29,Natura,Thiago Ribeiro,thiago.ribeiro710@gmail.com,Masculino,1972-03-16,Niterói,RJ,2023-12-03,Marketplace,679.6,633.16,46.44,6.83,679.6,2025-08
V00417,2025-02-25,C0093,P0078,2,CARTÃO DE CRÉDITO,Espuma De Limpeza Facial,Skincare,Natura,150.0,82.0,Sim,12.25,Natura,Leonardo Rodrigues,leonardo.rodrigues71@gmail.com,Masculino,1966-02-19,Campinas,SP,2024-03-06,Marketplace,164.0,24.5,139.5,85.06,164.0,2025-02
V00418,2025-03-31,C0076,P0019,4,BOLETO,Zaad Arctic,Perfume,O Boticário,95.0,284.9,Sim,195.96,O Boticário,Camila Lima,camila.lima80@email.com,Feminino,1986-01-14,Porto Alegre,RS,2023-10-06,Instagram Ads,1139.6,783.84,355.76,31.22,1139.6,2025-03
V00419,2025-05-06,C0052,P0043,5,CARTÃO DE CRÉDITO,Malbec Magnetic,Perfume,O Boticário,100.0,209.9,Sim,68.24,O Boticário,Larissa Silva,larissa.silva855@email.com,Feminino,2017-04-05,Campinas,SP,2024-07-19,Google Ads,1049.5,341.2,708.3,67.49,1049.5,2025-05
V00420,2025-07-31,C0044,P0048,1,BOLETO,Sérum Preenchedor Biohidratante,Skincare,Natura,30.0,158.0,Sim,55.25,Natura,Ana Lima,ana.lima637@email.com,Feminino,1971-07-29,Rio de Janeiro,RJ,2024-07-04,Google Ads,158.0,55.25,102.75,65.03,158.0,2025-07
V00421,2025-03-25,C0122,P0044,3,CARTÃO DE CRÉDITO,Glow Primer Professional,Maquiagem,Beyoung,30.0,119.9,Sim,112.2,Beyoung,Renata Gomes,renata.gomes668@email.com,Feminino,1989-12-15,Uberlândia,MG,2023-07-05,Indicação,359.7,336.6,23.1,6.42,359.7,2025-03
V00422,2025-02-12,C0121,P0055,3,PIX,Loção Hidratante Mandacaru,Hidratante,L'Occitane Au Brésil,200.0,84.9,Sim,31.41,L'Occitane Au Brésil,Beatriz Carvalho,beatriz.carvalho857@email.com,Feminino,1989-03-07,São Paulo,SP,2024-08-13,Google Orgânico,254.7,94.23,160.47,63.0,254.7,2025-02
V00423,2025-04-04,C0165,P0060,3,BOLETO,Perfume Ilía Secreto,Perfume,Natura,50.0,169.9,Sim,158.29,Natura,Diego Alves,diego.alves962@gmail.com,Masculino,1967-12-09,Porto Alegre,RS,2024-01-15,Google Ads,509.7,474.87,34.83,6.83,509.7,2025-04
V00424,2025-07-09,C0095,P0075,4,PIX,Creme Antissinais Cicatricure,Skincare,Genomma Lab,50.0,54.9,Sim,26.87,Genomma Lab,Paula Gomes,paula.gomes989@email.com,Feminino,2013-04-13,Porto Alegre,RS,2024-05-10,Facebook Ads,219.6,107.48,112.12,51.06,219.6,2025-07
V00425,2025-07-11,C0115,P0073,3,CARTÃO DE CRÉDITO,Mineral 89 Sérum,Skincare,Vichy,50.0,179.9,Sim,126.26,Vichy,Marcos Silva,marcos.silva238@gmail.com,Masculino,1990-05-14,Porto Alegre,RS,2024-04-09,Google Orgânico,539.7,378.78,160.92,29.82,539.7,2025-07
V00426,2025-03-26,C0120,P0032,3,PIX,Manteiga Murumuru,Máscara Capilar,Natura,200.0,68.9,Sim,62.66,Natura,Rafael Ribeiro,rafael.ribeiro41@gmail.com,Masculino,1993-12-01,Niterói,RJ,2023-09-14,Google Orgânico,206.7,187.98,18.72,9.06,206.7,2025-03
V00427,2025-10-03,C0145,P0009,2,CARTÃO DE CRÉDITO,Cereja E Avelã,Body Splash,Natura,200.0,74.9,Sim,35.12,Natura,Carlos Silva,carlos.silva333@gmail.com,Masculino,1991-04-28,São Paulo,SP,2024-01-03,Instagram Ads,149.8,70.24,79.56,53.11,149.8,2025-10
V00428,2025-11-14,C0025,P0058,2,CARTÃO DE CRÉDITO,Bálsamo Pós-Barba,Masculino,O Boticário,110.0,59.9,Sim,44.8,O Boticário,André Oliveira,andré.oliveira272@gmail.com,Masculino,1984-01-02,Niterói,RJ,2024-07-06,Marketplace,119.8,89.6,30.2,25.21,119.8,2025-11
V00429,2025-07-08,C0106,P0008,3,BOLETO,Impression Audaz,Perfume,Eudora,100.0,219.9,Sim,147.64,Eudora,Fernanda Oliveira,fernanda.oliveira310@email.com,Feminino,2012-12-02,São Paulo,SP,2023-05-10,Instagram Ads,659.7,442.92,216.78,32.86,659.7,2025-07
V00430,2025-07-20,C0016,P0025,2,PIX,Ekos Castanha,Polpa Hidratante,Natura,400.0,82.9,Sim,63.95,Natura,Diego Alves,diego.alves371@gmail.com,Masculino,1977-05-30,Curitiba,PR,2024-06-05,Facebook Ads,165.8,127.9,37.9,22.86,165.8,2025-07
V00431,2025-03-04,C0138,P0064,5,BOLETO,Shampoo Match Patrulha Do Frizz,Cabelo,O Boticário,250.0,42.9,Sim,41.7,O Boticário,Gabriel Lima,gabriel.lima723@gmail.com,Masculino,1999-08-22,Niterói,RJ,2023-06-05,Facebook Ads,214.5,208.5,6.0,2.8,214.5,2025-03
V00432,2025-08-09,C0061,P0034,4,PIX,Desodorante Clinical,Higiene,Eudora,48.0,34.9,Sim,27.06,Eudora,Thiago Araujo,thiago.araujo806@gmail.com,Masculino,2004-02-25,Campinas,SP,2024-06-07,Google Orgânico,139.6,108.24,31.36,22.46,139.6,2025-08
V00433,2025-03-22,C0102,P0048,3,BOLETO,Sérum Preenchedor Biohidratante,Skincare,Natura,30.0,158.0,Sim,55.25,Natura,Eduardo Gomes,eduardo.gomes544@gmail.com,Masculino,2003-03-05,Campinas,SP,2024-07-17,Instagram Ads,474.0,165.75,308.25,65.03,474.0,2025-03
V00434,2025-05-29,C0147,P0047,1,BOLETO,Eudora H Acqua,Perfume,Eudora,100.0,154.9,Sim,84.51,Eudora,Mariana Ribeiro,mariana.ribeiro892@email.com,Feminino,1986-08-10,Niterói,RJ,2024-05-24,Indicação,154.9,84.51,70.39,45.44,154.9,2025-05
V00435,2025-11-24,C0159,P0052,5,CARTÃO DE CRÉDITO,Desodorante Colônia Kriska Shock,Perfume,Natura,100.0,124.9,Sim,117.01,Natura,Carlos Costa,carlos.costa550@gmail.com,Masculino,2005-10-20,Rio de Janeiro,RJ,2024-01-13,E-Mail Marketing,624.5,585.05,39.45,6.32,624.5,2025-11
V00436,2025-04-04,C0045,P0055,1,CARTÃO DE CRÉDITO,Loção Hidratante Mandacaru,Hidratante,L'Occitane Au Brésil,200.0,84.9,Sim,31.41,L'Occitane Au Brésil,Bruno Rodrigues,bruno.rodrigues903@gmail.com,Masculino,1986-12-01,Rio de Janeiro,RJ,2024-01-14,Instagram Ads,84.9,31.41,53.49,63.0,84.9,2025-04
V00437,2025-07-17,C0033,P0028,2,CARTÃO DE CRÉDITO,Óleo De Banho Amêndoa,Óleo Corporal,L'Occitane En Provence,250.0,235.0,Sim,139.18,L'Occitane En Provence,Rafael Pereira,rafael.pereira197@gmail.com,Masculino,2013-02-11,Curitiba,PR,2024-04-04,Google Ads,470.0,278.36,191.64,40.77,470.0,2025-07
V00438,2025-03-22,C0175,P0067,4,PIX,Esfoliante Purificante De Jengibre,Skincare,L'Occitane Au Brésil,50.0,95.0,Sim,147.03,L'Occitane Au Brésil,Paula Carvalho,paula.carvalho534@email.com,Feminino,2006-02-04,Porto Alegre,RS,2023-02-01,Google Orgânico,380.0,588.12,-208.12,-54.77,380.0,2025-03
V00439,2025-10-04,C0038,P0074,2,BOLETO,Sabonete Líquido Dermotivin,Skincare,Galderma,300.0,105.0,Sim,86.16,Galderma,Bruno Pereira,bruno.pereira304@gmail.com,Masculino,1970-04-01,Curitiba,PR,2024-08-16,E-Mail Marketing,210.0,172.32,37.68,17.94,210.0,2025-10
V00440,2025-11-24,C0187,P0067,3,CARTÃO DE CRÉDITO,Esfoliante Purificante De Jengibre,Skincare,L'Occitane Au Brésil,50.0,95.0,Sim,147.03,L'Occitane Au Brésil,Camila Araujo,camila.araujo781@email.com,Feminino,1995-06-28,Porto Alegre,RS,2023-12-26,Google Orgânico,285.0,441.09,-156.09,-54.77,285.0,2025-11
V00441,2025-02-02,C0143,P0004,1,PIX,Lily Eau De Parfum,Perfume,O Boticário,75.0,299.9,Sim,99.13,O Boticário,Beatriz Carvalho,beatriz.carvalho701@email.com,Feminino,1985-05-30,Porto Alegre,RS,2023-04-03,Facebook Ads,299.9,99.13,200.77,66.95,299.9,2025-02
V00442,2025-11-30,C0220,P0073,5,PIX,Mineral 89 Sérum,Skincare,Vichy,50.0,179.9,Sim,126.26,Vichy,Bruno Oliveira,bruno.oliveira186@gmail.com,Masculino,2004-04-07,Belo Horizonte,MG,2023-02-14,Facebook Ads,899.5,631.3,268.2,29.82,899.5,2025-11
V00443,2025-04-14,C0004,P0019,5,BOLETO,Zaad Arctic,Perfume,O Boticário,95.0,284.9,Sim,195.96,O Boticário,Lucas Lima,lucas.lima604@gmail.com,Masculino,1965-08-01,Porto Alegre,RS,2023-06-13,E-Mail Marketing,1424.5,979.8,444.7,31.22,1424.5,2025-04
V00444,2025-08-24,C0134,P0033,5,PIX,Sabonete Líquido Ekos,Sabonete,Natura,200.0,45.9,Sim,31.77,Natura,Mariana Costa,mariana.costa792@email.com,Feminino,1995-06-30,Niterói,RJ,2024-06-03,Instagram Ads,229.5,158.85,70.65,30.78,229.5,2025-08
V00446,2025-08-25,C0150,P0043,5,CARTÃO DE CRÉDITO,Malbec Magnetic,Perfume,O Boticário,100.0,209.9,Sim,68.24,O Boticário,Leonardo Alves,leonardo.alves707@gmail.com,Masculino,2005-12-26,Porto Alegre,RS,2023-11-06,Google Ads,1049.5,341.2,708.3,67.49,1049.5,2025-08
V00447,2025-07-30,C0200,P0018,1,CARTÃO DE CRÉDITO,Humor Próprio,Perfume,Natura,75.0,134.9,Sim,19.16,Natura,Beatriz Alves,beatriz.alves604@email.com,Feminino,2012-01-04,Niterói,RJ,2023-03-22,Facebook Ads,134.9,19.16,115.74,85.8,134.9,2025-07
V00448,2025-07-02,C0089,P0075,3,PIX,Creme Antissinais Cicatricure,Skincare,Genomma Lab,50.0,54.9,Sim,26.87,Genomma Lab,Carolina Pereira,carolina.pereira477@email.com,Feminino,1998-02-04,Porto Alegre,RS,2023-06-21,Indicação,164.7,80.61,84.09,51.06,164.7,2025-07
V00449,2025-01-28,C0168,P0056,3,PIX,Sabonete Em Barra Erva Doce,Sabonete (3Un),Natura,270.0,24.9,Sim,10.93,Natura,Daniela Carvalho,daniela.carvalho612@email.com,Feminino,1969-07-16,São Paulo,SP,2023-12-08,Google Ads,74.7,32.79,41.91,56.1,74.7,2025-01
V00450,2025-09-15,C0122,P0053,5,CARTÃO DE CRÉDITO,Demaquilante Bifásico,Skincare,Natura,150.0,72.0,Sim,59.95,Natura,Renata Gomes,renata.gomes668@email.com,Feminino,1989-12-15,Uberlândia,MG,2023-07-05,Indicação,360.0,299.75,60.25,16.74,360.0,2025-09
V00451,2025-10-10,C0104,P0062,2,CARTÃO DE CRÉDITO,Mousse De Banho Lily,Sabonete,O Boticário,150.0,79.9,Sim,63.82,O Boticário,Fernanda Santos,fernanda.santos761@email.com,Feminino,1982-03-09,Belo Horizonte,MG,2023-08-10,E-Mail Marketing,159.8,127.64,32.16,20.13,159.8,2025-10
V00452,2025-09-15,C0175,P0040,5,BOLETO,Eau De Toilette Capim-Limão,Perfume,L'Occitane Au Brésil,100.0,129.9,Sim,102.63,L'Occitane Au Brésil,Paula Carvalho,paula.carvalho534@email.com,Feminino,2006-02-04,Porto Alegre,RS,2023-02-01,Google Orgânico,649.5,513.15,136.35,20.99,649.5,2025-09
V00453,2025-02-09,C0102,P0021,4,PIX,Amêndoas Doces Sève,Óleo Corporal,Natura,200.0,92.9,Sim,76.84,Natura,Eduardo Gomes,eduardo.gomes544@gmail.com,Masculino,2003-03-05,Campinas,SP,2024-07-17,Instagram Ads,371.6,307.36,64.24,17.29,371.6,2025-02
V00454,2025-02-20,C0191,P0077,2,PIX,Hidratante Intensivo,Hidratante,Neutrogena,200.0,59.9,Não,19.74,Neutrogena,Juliana Ribeiro,juliana.ribeiro51@email.com,Feminino,1989-05-31,Rio de Janeiro,RJ,2024-03-29,E-Mail Marketing,119.8,39.48,80.32,67.05,119.8,2025-02
V00455,2025-01-17,C0006,P0074,3,PIX,Sabonete Líquido Dermotivin,Skincare,Galderma,300.0,105.0,Sim,86.16,Galderma,Rafael Rodrigues,rafael.rodrigues868@gmail.com,Masculino,1919-03-01,Campinas,SP,2023-09-28,Marketplace,315.0,258.48,56.52,17.94,315.0,2025-01
V00456,2025-11-15,C0072,P0057,3,PIX,Coffee Man Duo,Perfume,O Boticário,100.0,194.9,Sim,48.18,O Boticário,Mariana Alves,mariana.alves225@email.com,Feminino,2011-06-21,Belo Horizonte,MG,2024-04-20,Google Orgânico,584.7,144.54,440.16,75.28,584.7,2025-11
V00457,2025-08-22,C0035,P0033,1,PIX,Sabonete Líquido Ekos,Sabonete,Natura,200.0,45.9,Sim,31.77,Natura,Ana Carvalho,ana.carvalho554@email.com,Feminino,1973-05-15,São Paulo,SP,2023-08-31,Google Ads,45.9,31.77,14.13,30.78,45.9,2025-08
V00458,2025-11-25,C0069,P0069,4,BOLETO,Hidratante Labial Bepantol,Skincare,Bayer,4.5,39.9,Sim,13.78,Bayer,Rafael Pereira,rafael.pereira689@gmail.com,Masculino,1985-02-26,Porto Alegre,RS,2023-07-23,Google Ads,159.6,55.12,104.48,65.46,159.6,2025-11
V00459,2025-09-11,C0166,P0010,4,CARTÃO DE CRÉDITO,Águas De Jabuticaba,Perfume,Natura,150.0,99.9,Sim,25.36,Natura,Eduardo Pereira,eduardo.pereira876@gmail.com,Masculino,1973-11-30,Campinas,SP,2024-01-12,Indicação,399.6,101.44,298.16,74.61,399.6,2025-09
V00460,2025-03-28,C0055,P0023,2,PIX,Kit Presente Tododia,Kit Presente,Natura,,129.9,Sim,110.7,Natura,Juliana Alves,juliana.alves26@email.com,Feminino,1994-10-21,Belo Horizonte,MG,2024-02-26,Marketplace,259.8,221.4,38.4,14.78,259.8,2025-03
V00461,2025-06-12,C0096,P0074,4,CARTÃO DE CRÉDITO,Sabonete Líquido Dermotivin,Skincare,Galderma,300.0,105.0,Sim,86.16,Galderma,Gabriel Ribeiro,gabriel.ribeiro275@gmail.com,Masculino,1987-01-10,Campinas,SP,2023-03-30,Instagram Ads,420.0,344.64,75.36,17.94,420.0,2025-06
V00462,2025-06-12,C0017,P0046,5,PIX,Luna Absoluta,Perfume,Natura,75.0,179.9,Não,36.48,Natura,Ana Santos,ana.santos157@email.com,Feminino,2002-11-16,Belo Horizonte,MG,2023-03-07,Facebook Ads,899.5,182.4,717.1,79.72,899.5,2025-06
V00463,2025-02-18,C0035,P0022,5,BOLETO,Nativa Spa Ameixa,Loção Hidratante,O Boticário,400.0,74.9,Sim,54.49,O Boticário,Ana Carvalho,ana.carvalho554@email.com,Feminino,1973-05-15,São Paulo,SP,2023-08-31,Google Ads,374.5,272.45,102.05,27.25,374.5,2025-02
V00464,2025-01-30,C0045,P0071,5,CARTÃO DE CRÉDITO,Effaclar Gel De Limpeza,Skincare,La Roche-Posay,150.0,89.9,Sim,66.48,La Roche-Posay,Bruno Rodrigues,bruno.rodrigues903@gmail.com,Masculino,1986-12-01,Rio de Janeiro,RJ,2024-01-14,Instagram Ads,449.5,332.4,117.1,26.05,449.5,2025-01
V00465,2025-03-01,C0064,P0053,2,CARTÃO DE CRÉDITO,Demaquilante Bifásico,Skincare,Natura,150.0,72.0,Sim,59.95,Natura,André Costa,andré.costa683@gmail.com,Masculino,1994-04-07,Niterói,RJ,2024-02-17,E-Mail Marketing,144.0,119.9,24.1,16.74,144.0,2025-03
V00466,2025-02-21,C0093,P0073,4,BOLETO,Mineral 89 Sérum,Skincare,Vichy,50.0,179.9,Sim,126.26,Vichy,Leonardo Rodrigues,leonardo.rodrigues71@gmail.com,Masculino,1966-02-19,Campinas,SP,2024-03-06,Marketplace,719.6,505.04,214.56,29.82,719.6,2025-02
V00467,2025-10-08,C0095,P0075,2,PIX,Creme Antissinais Cicatricure,Skincare,Genomma Lab,50.0,54.9,Sim,26.87,Genomma Lab,Paula Gomes,paula.gomes989@email.com,Feminino,2013-04-13,Porto Alegre,RS,2024-05-10,Facebook Ads,109.8,53.74,56.06,51.06,109.8,2025-10
V00468,2025-02-11,C0163,P0054,5,CARTÃO DE CRÉDITO,Hidratante Facial Hydra Gel,Skincare,Beyoung,50.0,89.9,Sim,19.64,Beyoung,Rafael Santos,rafael.santos241@gmail.com,Masculino,1999-11-14,Belo Horizonte,MG,2024-04-09,Instagram Ads,449.5,98.2,351.3,78.15,449.5,2025-02
V00469,2025-09-05,C0096,P0050,1,PIX,Condicionador Siàge Nutri Rose,Cabelo,Eudora,200.0,49.9,Sim,21.38,Eudora,Gabriel Ribeiro,gabriel.ribeiro275@gmail.com,Masculino,1987-01-10,Campinas,SP,2023-03-30,Instagram Ads,49.9,21.38,28.52,57.15,49.9,2025-09
V00470,2025-04-01,C0046,P0044,5,PIX,Glow Primer Professional,Maquiagem,Beyoung,30.0,119.9,Sim,112.2,Beyoung,Renata Gomes,renata.gomes721@email.com,Feminino,2012-06-15,Porto Alegre,RS,2023-01-09,E-Mail Marketing,599.5,561.0,38.5,6.42,599.5,2025-04
V00471,2025-07-18,C0090,P0042,5,PIX,Creme De Mãos Karité,Hidratante,L'Occitane En Provence,30.0,65.0,Não,63.4,L'Occitane En Provence,Juliana Costa,juliana.costa111@email.com,Feminino,1992-12-27,São Paulo,SP,2024-08-12,E-Mail Marketing,325.0,317.0,8.0,2.46,325.0,2025-07
V00472,2025-09-22,C0192,P0075,2,BOLETO,Creme Antissinais Cicatricure,Skincare,Genomma Lab,50.0,54.9,Sim,26.87,Genomma Lab,Eduardo Ribeiro,eduardo.ribeiro453@gmail.com,Masculino,1989-07-05,Niterói,RJ,2023-08-09,Marketplace,109.8,53.74,56.06,51.06,109.8,2025-09
V00473,2025-10-19,C0008,P0065,1,PIX,Máscara Capilar Match,Cabelo,O Boticário,250.0,64.9,Sim,46.42,O Boticário,Leonardo Ribeiro,leonardo.ribeiro907@gmail.com,Masculino,2016-10-18,Campinas,SP,2023-07-16,E-Mail Marketing,64.9,46.42,18.48,28.47,64.9,2025-10
V00474,2025-06-16,C0219,P0005,1,BOLETO,Elysée Success,Perfume,O Boticário,50.0,274.9,Sim,153.77,O Boticário,Larissa Gomes,larissa.gomes856@email.com,Feminino,1995-03-20,São Paulo,SP,2023-05-15,Indicação,274.9,153.77,121.13,44.06,274.9,2025-06
V00475,2025-08-15,C0166,P0058,2,CARTÃO DE CRÉDITO,Bálsamo Pós-Barba,Masculino,O Boticário,110.0,59.9,Sim,44.8,O Boticário,Eduardo Pereira,eduardo.pereira876@gmail.com,Masculino,1973-11-30,Campinas,SP,2024-01-12,Indicação,119.8,89.6,30.2,25.21,119.8,2025-08
V00476,2025-10-03,C0167,P0072,2,PIX,Protetor Anthelios Fps 60,Skincare,La Roche-Posay,40.0,94.0,Sim,77.76,La Roche-Posay,Carlos Alves,carlos.alves283@gmail.com,Masculino,1975-12-17,Curitiba,PR,2024-04-10,Google Orgânico,188.0,155.52,32.48,17.28,188.0,2025-10
V00477,2025-01-21,C0200,P0048,5,BOLETO,Sérum Preenchedor Biohidratante,Skincare,Natura,30.0,158.0,Sim,55.25,Natura,Beatriz Alves,beatriz.alves604@email.com,Feminino,2012-01-04,Niterói,RJ,2023-03-22,Facebook Ads,790.0,276.25,513.75,65.03,790.0,2025-01
V00478,2025-04-30,C0034,P0051,1,BOLETO,Kit Presente Celebre Sua Sorte,Kit Presente,O Boticário,,114.9,Não,107.44,O Boticário,Bruno Costa,bruno.costa474@gmail.com,Masculino,1971-10-07,Curitiba,PR,2024-03-29,Marketplace,114.9,107.44,7.46,6.49,114.9,2025-04
V00479,2025-09-07,C0206,P0047,2,CARTÃO DE CRÉDITO,Eudora H Acqua,Perfume,Eudora,100.0,154.9,Sim,84.51,Eudora,Marcos Ribeiro,marcos.ribeiro58@gmail.com,Masculino,1910-07-08,Campinas,SP,2023-03-17,Instagram Ads,309.8,169.02,140.78,45.44,309.8,2025-09
V00480,2025-09-16,C0156,P0054,2,PIX,Hidratante Facial Hydra Gel,Skincare,Beyoung,50.0,89.9,Sim,19.64,Beyoung,Bruno Pereira,bruno.pereira136@gmail.com,Masculino,2012-08-16,Campinas,SP,2024-05-28,Instagram Ads,179.8,39.28,140.52,78.15,179.8,2025-09
V00481,2025-03-09,C0097,P0056,3,PIX,Sabonete Em Barra Erva Doce,Sabonete (3Un),Natura,270.0,24.9,Sim,10.93,Natura,Lucas Lima,lucas.lima584@gmail.com,Masculino,1995-03-08,Niterói,RJ,2023-01-30,Facebook Ads,74.7,32.79,41.91,56.1,74.7,2025-03
V00482,2025-09-16,C0056,P0066,4,PIX,Eau De Parfum Lyra,Perfume,Eudora,75.0,189.9,Sim,161.17,Eudora,Camila Oliveira,camila.oliveira807@email.com,Feminino,1999-04-28,Rio de Janeiro,RJ,2023-02-09,Marketplace,759.6,644.68,114.92,15.13,759.6,2025-09
V00483,2025-11-24,C0134,P0058,3,BOLETO,Bálsamo Pós-Barba,Masculino,O Boticário,110.0,59.9,Sim,44.8,O Boticário,Mariana Costa,mariana.costa792@email.com,Feminino,1995-06-30,Niterói,RJ,2024-06-03,Instagram Ads,179.7,134.4,45.3,25.21,179.7,2025-11
V00484,2025-08-21,C0027,P0022,4,CARTÃO DE CRÉDITO,Nativa Spa Ameixa,Loção Hidratante,O Boticário,400.0,74.9,Sim,54.49,O Boticário,Beatriz Pereira,beatriz.pereira66@email.com,Feminino,1966-11-21,Campinas,SP,2024-07-21,Google Ads,299.6,217.96,81.64,27.25,299.6,2025-08
V00485,2025-11-09,C0216,P0022,5,PIX,Nativa Spa Ameixa,Loção Hidratante,O Boticário,400.0,74.9,Sim,54.49,O Boticário,Leonardo Rodrigues,leonardo.rodrigues833@gmail.com,Masculino,2012-03-23,Belo Horizonte,MG,2023-04-06,E-Mail Marketing,374.5,272.45,102.05,27.25,374.5,2025-11
V00486,2025-10-24,C0153,P0047,5,BOLETO,Eudora H Acqua,Perfume,Eudora,100.0,154.9,Sim,84.51,Eudora,Carolina Araujo,carolina.araujo509@email.com,Feminino,1985-08-24,Porto Alegre,RS,2023-12-27,Google Ads,774.5,422.55,351.95,45.44,774.5,2025-10
V00487,2025-11-02,C0176,P0029,3,CARTÃO DE CRÉDITO,Sabonete Em Barra Cuide-Se,Sabonete (2 Un),O Boticário,160.0,22.9,Sim,15.54,O Boticário,Felipe Alves,felipe.alves703@gmail.com,Masculino,2008-12-26,Rio de Janeiro,RJ,2024-03-30,Google Orgânico,68.7,46.62,22.08,32.14,68.7,2025-11
V00488,2025-03-07,C0087,P0070,4,PIX,Água Micelar,Skincare,L'Oréal Paris,200.0,34.9,Sim,11.6,L'Oréal Paris,Fernanda Pereira,fernanda.pereira666@email.com,Feminino,1968-08-12,Rio de Janeiro,RJ,2023-02-01,Google Ads,139.6,46.4,93.2,66.76,139.6,2025-03
V00489,2025-10-11,C0067,P0004,3,BOLETO,Lily Eau De Parfum,Perfume,O Boticário,75.0,299.9,Sim,99.13,O Boticário,Diego Ribeiro,diego.ribeiro671@gmail.com,Masculino,2006-09-19,Campinas,SP,2024-03-28,Facebook Ads,899.7,297.39,602.31,66.95,899.7,2025-10
V00490,2025-07-12,C0039,P0059,3,BOLETO,Óleo Em Calda Nativa Spa,Óleo Corporal,O Boticário,200.0,76.9,Sim,55.59,O Boticário,Paula Rodrigues,paula.rodrigues59@email.com,Feminino,2017-05-30,São Paulo,SP,2024-05-03,Indicação,230.7,166.77,63.93,27.71,230.7,2025-07
V00491,2025-02-28,C0207,P0058,2,BOLETO,Bálsamo Pós-Barba,Masculino,O Boticário,110.0,59.9,Sim,44.8,O Boticário,Eduardo Silva,eduardo.silva59@gmail.com,Masculino,1990-10-03,Campinas,SP,2023-03-20,E-Mail Marketing,119.8,89.6,30.2,25.21,119.8,2025-02
V00492,2025-11-07,C0082,P0054,4,BOLETO,Hidratante Facial Hydra Gel,Skincare,Beyoung,50.0,89.9,Sim,19.64,Beyoung,Eduardo Silva,eduardo.silva399@gmail.com,Masculino,2001-04-10,Campinas,SP,2023-06-19,Marketplace,359.6,78.56,281.04,78.15,359.6,2025-11
V00493,2025-01-27,C0168,P0044,2,PIX,Glow Primer Professional,Maquiagem,Beyoung,30.0,119.9,Sim,112.2,Beyoung,Daniela Carvalho,daniela.carvalho612@email.com,Feminino,1969-07-16,São Paulo,SP,2023-12-08,Google Ads,239.8,224.4,15.4,6.42,239.8,2025-01
V00494,2025-09-23,C0108,P0056,3,PIX,Sabonete Em Barra Erva Doce,Sabonete (3Un),Natura,270.0,24.9,Sim,10.93,Natura,Carolina Costa,carolina.costa481@email.com,Feminino,2004-07-08,Uberlândia,MG,2023-12-15,Google Ads,74.7,32.79,41.91,56.1,74.7,2025-09
V00495,2025-02-06,C0150,P0057,4,BOLETO,Coffee Man Duo,Perfume,O Boticário,100.0,194.9,Sim,48.18,O Boticário,Leonardo Alves,leonardo.alves707@gmail.com,Masculino,2005-12-26,Porto Alegre,RS,2023-11-06,Google Ads,779.6,192.72,586.88,75.28,779.6,2025-02
V00496,2025-07-14,C0088,P0019,5,BOLETO,Zaad Arctic,Perfume,O Boticário,95.0,284.9,Sim,195.96,O Boticário,Ana Ribeiro,ana.ribeiro157@email.com,Feminino,1976-04-29,Curitiba,PR,2024-04-29,E-Mail Marketing,1424.5,979.8,444.7,31.22,1424.5,2025-07
V00497,2025-07-01,C0164,P0048,2,PIX,Sérum Preenchedor Biohidratante,Skincare,Natura,30.0,158.0,Sim,55.25,Natura,Diego Araujo,diego.araujo745@gmail.com,Masculino,2002-03-22,Belo Horizonte,MG,2023-04-12,Marketplace,316.0,110.5,205.5,65.03,316.0,2025-07
V00498,2025-06-03,C0077,P0050,3,CARTÃO DE CRÉDITO,Condicionador Siàge Nutri Rose,Cabelo,Eudora,200.0,49.9,Sim,21.38,Eudora,André Santos,andré.santos142@gmail.com,Masculino,1985-09-30,Belo Horizonte,MG,2024-01-28,E-Mail Marketing,149.7,64.14,85.56,57.15,149.7,2025-06
V00499,2025-07-05,C0076,P0047,5,CARTÃO DE CRÉDITO,Eudora H Acqua,Perfume,Eudora,100.0,154.9,Sim,84.51,Eudora,Camila Lima,camila.lima80@email.com,Feminino,1986-01-14,Porto Alegre,RS,2023-10-06,Instagram Ads,774.5,422.55,351.95,45.44,774.5,2025-07
V00500,2025-05-12,C0190,P0064,4,PIX,Shampoo Match Patrulha Do Frizz,Cabelo,O Boticário,250.0,42.9,Sim,41.7,O Boticário,Bruno Rodrigues,bruno.rodrigues320@gmail.com,Masculino,2015-12-03,Campinas,SP,2023-03-28,Google Orgânico,171.6,166.8,4.8,2.8,171.6,2025-05
V00501,2025-07-07,C0175,P0038,5,PIX,Boticário Men Galbe,Perfume,O Boticário,100.0,139.9,Sim,91.02,O Boticário,Paula Carvalho,paula.carvalho534@email.com,Feminino,2006-02-04,Porto Alegre,RS,2023-02-01,Google Orgânico,699.5,455.1,244.4,34.94,699.5,2025-07
V00502,2025-08-16,C0091,P0029,1,CARTÃO DE CRÉDITO,Sabonete Em Barra Cuide-Se,Sabonete (2 Un),O Boticário,160.0,22.9,Sim,15.54,O Boticário,Felipe Araujo,felipe.araujo204@gmail.com,Masculino,2018-02-13,Rio de Janeiro,RJ,2023-09-06,Google Orgânico,22.9,15.54,7.36,32.14,22.9,2025-08
V00503,2025-03-06,C0202,P0069,3,PIX,Hidratante Labial Bepantol,Skincare,Bayer,4.5,39.9,Sim,13.78,Bayer,Larissa Gomes,larissa.gomes199@email.com,Feminino,1996-07-01,Campinas,SP,2023-06-01,Google Ads,119.7,41.34,78.36,65.46,119.7,2025-03
V00504,2025-09-24,C0150,P0065,3,PIX,Máscara Capilar Match,Cabelo,O Boticário,250.0,64.9,Sim,46.42,O Boticário,Leonardo Alves,leonardo.alves707@gmail.com,Masculino,2005-12-26,Porto Alegre,RS,2023-11-06,Google Ads,194.7,139.26,55.44,28.47,194.7,2025-09
V00505,2025-05-01,C0121,P0009,4,CARTÃO DE CRÉDITO,Cereja E Avelã,Body Splash,Natura,200.0,74.9,Sim,35.12,Natura,Beatriz Carvalho,beatriz.carvalho857@email.com,Feminino,1989-03-07,São Paulo,SP,2024-08-13,Google Orgânico,299.6,140.48,159.12,53.11,299.6,2025-05
V00506,2025-08-17,C0159,P0049,5,CARTÃO DE CRÉDITO,Shampoo Siàge Nutri Rose,Cabelo,Eudora,250.0,45.9,Sim,20.8,Eudora,Carlos Costa,carlos.costa550@gmail.com,Masculino,2005-10-20,Rio de Janeiro,RJ,2024-01-13,E-Mail Marketing,229.5,104.0,125.5,54.68,229.5,2025-08
V00507,2025-07-19,C0129,P0058,4,CARTÃO DE CRÉDITO,Bálsamo Pós-Barba,Masculino,O Boticário,110.0,59.9,Sim,44.8,O Boticário,Camila Lima,camila.lima902@email.com,Feminino,1975-11-23,Uberlândia,MG,2023-01-30,E-Mail Marketing,239.6,179.2,60.4,25.21,239.6,2025-07
V00508,2025-06-26,C0077,P0040,4,PIX,Eau De Toilette Capim-Limão,Perfume,L'Occitane Au Brésil,100.0,129.9,Sim,102.63,L'Occitane Au Brésil,André Santos,andré.santos142@gmail.com,Masculino,1985-09-30,Belo Horizonte,MG,2024-01-28,E-Mail Marketing,519.6,410.52,109.08,20.99,519.6,2025-06
V00509,2025-06-04,C0036,P0003,1,CARTÃO DE CRÉDITO,Malbec Gold,Perfume,O Boticário,100.0,224.9,Sim,166.86,O Boticário,Eduardo Lima,eduardo.lima219@gmail.com,Masculino,1970-04-06,Niterói,RJ,2023-06-18,Facebook Ads,224.9,166.86,58.04,25.81,224.9,2025-06
V00510,2025-02-24,C0146,P0047,3,PIX,Eudora H Acqua,Perfume,Eudora,100.0,154.9,Sim,84.51,Eudora,Bruno Pereira,bruno.pereira544@gmail.com,Masculino,2015-10-10,Niterói,RJ,2023-07-04,Google Ads,464.7,253.53,211.17,45.44,464.7,2025-02
V00511,2025-11-20,C0184,P0051,2,CARTÃO DE CRÉDITO,Kit Presente Celebre Sua Sorte,Kit Presente,O Boticário,,114.9,Não,107.44,O Boticário,Thiago Santos,thiago.santos592@gmail.com,Masculino,1978-11-19,Curitiba,PR,2024-05-08,Google Ads,229.8,214.88,14.92,6.49,229.8,2025-11
V00512,2025-05-14,C0086,P0070,1,BOLETO,Água Micelar,Skincare,L'Oréal Paris,200.0,34.9,Sim,11.6,L'Oréal Paris,Marcos Alves,marcos.alves259@gmail.com,Masculino,2007-03-13,Rio de Janeiro,RJ,2023-01-20,E-Mail Marketing,34.9,11.6,23.3,66.76,34.9,2025-05
V00513,2025-11-17,C0163,P0067,2,CARTÃO DE CRÉDITO,Esfoliante Purificante De Jengibre,Skincare,L'Occitane Au Brésil,50.0,95.0,Sim,147.03,L'Occitane Au Brésil,Rafael Santos,rafael.santos241@gmail.com,Masculino,1999-11-14,Belo Horizonte,MG,2024-04-09,Instagram Ads,190.0,294.06,-104.06,-54.77,190.0,2025-11
V00514,2025-04-07,C0071,P0073,1,CARTÃO DE CRÉDITO,Mineral 89 Sérum,Skincare,Vichy,50.0,179.9,Sim,126.26,Vichy,Paula Araujo,paula.araujo394@email.com,Feminino,2000-11-08,Uberlândia,MG,2023-09-07,Google Ads,179.9,126.26,53.64,29.82,179.9,2025-04
V00515,2025-08-13,C0196,P0003,2,CARTÃO DE CRÉDITO,Malbec Gold,Perfume,O Boticário,100.0,224.9,Sim,166.86,O Boticário,Bruno Oliveira,bruno.oliveira390@gmail.com,Masculino,2009-11-18,Curitiba,PR,2024-07-26,Marketplace,449.8,333.72,116.08,25.81,449.8,2025-08
V00516,2025-04-01,C0034,P0012,4,BOLETO,Nuvem Cuide-Se Bem,Body Splash,O Boticário,200.0,69.9,Sim,49.64,O Boticário,Bruno Costa,bruno.costa474@gmail.com,Masculino,1971-10-07,Curitiba,PR,2024-03-29,Marketplace,279.6,198.56,81.04,28.98,279.6,2025-04
V00517,2025-10-10,C0110,P0006,4,PIX,Floratta Red,Perfume,O Boticário,75.0,149.9,Sim,122.72,O Boticário,Juliana Oliveira,juliana.oliveira831@email.com,Feminino,1972-08-23,Porto Alegre,RS,2023-09-12,Google Orgânico,599.6,490.88,108.72,18.13,599.6,2025-10
V00518,2025-05-03,C0099,P0066,4,CARTÃO DE CRÉDITO,Eau De Parfum Lyra,Perfume,Eudora,75.0,189.9,Sim,161.17,Eudora,André Silva,andré.silva530@gmail.com,Masculino,1972-09-06,Curitiba,PR,2023-09-05,E-Mail Marketing,759.6,644.68,114.92,15.13,759.6,2025-05
V00519,2025-06-30,C0052,P0075,1,BOLETO,Creme Antissinais Cicatricure,Skincare,Genomma Lab,50.0,54.9,Sim,26.87,Genomma Lab,Larissa Silva,larissa.silva855@email.com,Feminino,2017-04-05,Campinas,SP,2024-07-19,Google Ads,54.9,26.87,28.03,51.06,54.9,2025-06
V00520,2025-01-15,C0083,P0017,3,BOLETO,Magnolia D'Orizaba,Perfume,L'Occitane Au Brésil,100.0,169.9,Sim,69.8,L'Occitane Au Brésil,Bruno Ribeiro,bruno.ribeiro547@gmail.com,Masculino,2000-05-08,São Paulo,SP,2024-07-31,E-Mail Marketing,509.7,209.4,300.3,58.92,509.7,2025-01
